/*
SQLyog Community v13.1.1 (64 bit)
MySQL - 10.3.15-MariaDB : Database - campamentos
*********************************************************************
*/

/*!40101 SET NAMES utf8 */;

/*!40101 SET SQL_MODE=''*/;

/*!40014 SET @OLD_UNIQUE_CHECKS=@@UNIQUE_CHECKS, UNIQUE_CHECKS=0 */;
/*!40014 SET @OLD_FOREIGN_KEY_CHECKS=@@FOREIGN_KEY_CHECKS, FOREIGN_KEY_CHECKS=0 */;
/*!40101 SET @OLD_SQL_MODE=@@SQL_MODE, SQL_MODE='NO_AUTO_VALUE_ON_ZERO' */;
/*!40111 SET @OLD_SQL_NOTES=@@SQL_NOTES, SQL_NOTES=0 */;
CREATE DATABASE /*!32312 IF NOT EXISTS*/`campamentos` /*!40100 DEFAULT CHARACTER SET latin1 */;

USE `campamentos`;

/*Table structure for table `bitacora_paciente` */

DROP TABLE IF EXISTS `bitacora_paciente`;

CREATE TABLE `bitacora_paciente` (
  `id` int(11) unsigned NOT NULL AUTO_INCREMENT,
  `id_paciente` int(10) unsigned DEFAULT NULL,
  `observacion` varchar(4000) DEFAULT NULL,
  `medicamento` varchar(1000) DEFAULT NULL,
  `id_medico` int(11) unsigned DEFAULT NULL,
  `kit_medicamento` varchar(1) DEFAULT NULL,
  `requiere_azitromicina` varchar(1) DEFAULT NULL,
  `requiere_medicamento` varchar(1) DEFAULT NULL,
  `razon_no_medicamento` varchar(4000) DEFAULT NULL,
  `created_at` datetime DEFAULT NULL,
  `updated_at` datetime DEFAULT NULL,
  PRIMARY KEY (`id`),
  KEY `id_paciente` (`id_paciente`),
  KEY `id_medico` (`id_medico`),
  CONSTRAINT `bitacora_paciente_ibfk_1` FOREIGN KEY (`id_paciente`) REFERENCES `paciente` (`id`),
  CONSTRAINT `bitacora_paciente_ibfk_2` FOREIGN KEY (`id_medico`) REFERENCES `usuario` (`id`)
) ENGINE=InnoDB AUTO_INCREMENT=160 DEFAULT CHARSET=latin1;

/*Data for the table `bitacora_paciente` */

insert  into `bitacora_paciente`(`id`,`id_paciente`,`observacion`,`medicamento`,`id_medico`,`kit_medicamento`,`requiere_azitromicina`,`requiere_medicamento`,`razon_no_medicamento`,`created_at`,`updated_at`) values 
(1,45,'Paciente ya cumplió con su aislamiento de 15 días post contacto con persona covid positivo. No presenta ningún síntoma de alerta','Se da plan educacional completo',16,'','','',NULL,'2020-07-01 09:09:27',NULL),
(2,47,'Paciente ansioso con problemas gástricos. Se explica la enfermedad como funciona se da plan educacional y se le explica el funcionamiento del programa de telemedicina y se le envía a casa.','Plan educacional\nComplejo Multivitaminico 1 cada  24horas.\n',16,'','','',NULL,'2020-07-01 09:54:06',NULL),
(3,48,'Paciente sin riesgo.','Se da amplio plan educacional\nSe recomienda multivitaminico y septilin para ayudar al sistema inmunologico',16,'','','',NULL,'2020-07-01 11:31:56',NULL),
(5,49,'Paciente con claros signos de alarma, sintomático con comorbilidades. Paciente con sobrepeso e hipertensión, sintomatología presente desde hace ya más de tres semanas. Paciente clasificación E\nPrueba de esfuerzo positiva, dificultad respiratoria, cianosis, FR >25 y FC>113','Se da amplio plan educacional a familiar que acompaña\nSe refiere a hospital, realiza el traslado la unidad A-96 del CBM',16,'','',NULL,NULL,'2020-07-01 15:59:08',NULL),
(6,52,'Paciente con sintomatología desde hace aproximadamente dos semanas, al iniciar el se aisla en casa e inicia con tratamiento recomendado, al cumplir su aislamiento decide venir a consultar como continuar.\nAun presenta tos esporádica que causa ligera opresión en el pecho, dolor de cabeza y fiebres','Se da amplio plan educacional\nSe recomienda terminar el tratamiento de acetaminofen y dextrometorfano \nSe recomienda multivitaminico \nSe manda a aislamiento por 10 días más',16,'','','N','Paciente ya posee tratamiento en casa','2020-07-02 08:40:09','2020-07-02 08:42:05'),
(7,53,'Favor toma de presión ','',17,'','','N','Paciente actualmente cuenta con medicamento en casa, los síntomas son inespecíficos','2020-07-02 09:04:01',NULL),
(8,56,'','',17,'','','N','Paciente sin síntomas -ya remitieron-, que asistió al mercado de la Terminal, por lo cual se clasifica como tipo C','2020-07-02 09:58:43',NULL),
(9,55,'\n\nPaciente Clasificación D\nSin riesgo, comienza con perdida del olfato el día lunes, toma anti gripal, no presenta tos, ni dolor de garganta, no fiebre, un poco de secrecion nasal unicamente, actualmente se siente bastante bien y recuperando el olfato. ','Amplio plan educacional\nSe recomienda terminar con anti gripal\nSe recomienda multivitaminico y zinc',16,'','','N','Paciente con tratamiento en casa','2020-07-02 10:09:27',NULL),
(10,58,'Favor tomar presión arterial, paciente con antecedente HTA sin tratamiento.\nAgregar compra de mascarilla KN95','',17,'S','','S','','2020-07-02 10:43:56',NULL),
(11,59,'','',18,'S','','S','','2020-07-02 10:47:15',NULL),
(12,57,'Paciente sintomatica sin signos de alarma ni cormobilidades - Clasificación B\nPresenta dolor de garganta','Se da amplio plan educacional, se explica la necesidad de aislamiento, como realizarlo, las medidas que debe tomar\nSe explica la toma correcta de toma de medicamentos.',16,'','','N','Paciente con tratamiento de acetaminofen, dextrometrofano, suero y anti gripal','2020-07-02 10:49:26',NULL),
(13,59,'Paciente quien está con tos productiva y cefalea, febricula','Acetaminifen 1gr cada ocho\nDextrometrofano 2 cucharadas cada 6',18,'S','','S','','2020-07-02 10:50:11',NULL),
(14,60,'Paciente cuyo hermano presentó síntomas quien fue evaluado en HGSJDD donde indican es IRS, madre refiere ha presentado cuadros de rinitis alérgica desde pequeña. Se deja tratamiento y observación por 15 días','',17,'S','','S','','2020-07-02 10:57:53',NULL),
(15,61,'Paciente inicia con sintomatología, inicia hace tres días, dolor de garganta, fiebre, tos. Indica que su hijo comenzó de igual manera hace 2 semanas y fue tratado en el HGSJDD. ','Se deja Kit de medicamentos, acetaminofen, dextrometorfano, zinc, vitamina D. \nAmplio plan educacional, y aislamiento estricto de 14 días.',16,'S','','S','','2020-07-02 11:07:50',NULL),
(16,62,'','',17,'S','','S','','2020-07-02 11:09:26',NULL),
(17,63,'paciente con posibles signos, actualmente solo presenta cefalea, dolor de garganta y fiebre mayor de 38.5, se da plan educacional ','acetaminofen 1gr cada 8',18,'S','','S','','2020-07-02 11:14:53',NULL),
(18,64,'Paciente con fiebre de más de 10 días de evolución, tos y diarrea. No se deja acetaminofen ya que paciente cuenta en casa!','Amplio plan educacional, de deja Kit con dextrometorfano y zinc, aislamiento estricto por 14 días ',16,'S','','S','','2020-07-02 11:37:30',NULL),
(19,65,'Paciente hace 15 días en contacto con su hermana COVID 19, se queda en aislamiento cumpliendo los 15 días reglamentarios, consulta por dolor leve en garganta al cual esta tomando desinflamatorio y a notado mejoría \nPaciente tipo C ','Se da amplio plan educacional, con aislamiento cumplido , se aconseja 5 días más \nSe le indica que puede tomar multivitaminico',16,'','','N','Paciente posee tratamiento en casa ','2020-07-02 12:28:16',NULL),
(20,66,'Paciente con fiebre esporádica, tos, refiere opresión en el pecho leve, hace referencia que en su trabajo han habido casos sospechosos. \nPaciente clasificación B','Amplio plan educacional\nAislamiento estricto por 14 días\nSeguir con el tratamiento como indicado en casa',16,'','','N','Paciente posee medicamentos en casa. ','2020-07-02 14:02:14',NULL),
(21,70,'Paciente clasificación D, Sin sintomatología, a la historia clínica refiere que la temperatura que ha manejado ha sido de 36.7 y 37 grados, presenta leve dolor de garganta y tos seca unicamente en las mañanas y en las noches sobre todo por el cambio de clima.\nPaciente ansiosa refiere que cuando se pone nerviosa es cuando siente la dificultad respiratoria. Tomar en cuenta que paciente posee embarazo a termino con parto programado para la siguiente semana. \nPaciente con Rinitis alérgica por historia clínica','Amplio plan educacional \nSe deja Jarabe de Hiedra Helix\nAcetaminofen únicamente por fiebre.',16,'','','S','','2020-07-03 10:18:08',NULL),
(22,71,'Rp por acetaminofen dos cucharadas y media c/8hr','',17,'','','N','Ya cuenta con medicamento en casa, lo tiene en presentación jarabe porque no tolera tomar pastillas','2020-07-03 10:24:59',NULL),
(23,73,'Paciente con contacto directo de paciente con COVID, dejar acetaminofen, dextrometorfano y zinc','',17,'S','','S','','2020-07-03 11:17:09',NULL),
(24,72,'Paciente con Diabetico con tratamiento en el Igss, comenta que ha presentado fiebre, tos esporádica, una sensación de opresión en el pecho y taquicardia.\nTomo antigripales en los últimos días con los cuales alivió pero la presion continua. \nSegún evaluación de los companeros paciente con sat. de 88\nPaciente clasificación B','Se da amplio plan educacional\nSe da receta por acetaminofen, zinc y suero oral\nAislamiento de 14 días',16,'','','S','','2020-07-03 11:32:04',NULL),
(25,74,'Rp Acetaminofen, Zinc, Dextrometorfano','Paciente sintomática, con riesgo epidemiológico.',17,'S','','S','','2020-07-03 11:38:06',NULL),
(26,75,'paciente solo refiere tos sin antecedentes de riesgo ','acetaminofen prn\ndextrometrofano',18,'S','','S','','2020-07-03 11:51:07',NULL),
(27,77,'Rp acetaminofen y dextrometorfano','Paciente con síntomas gripales, sin nexo epidemiológico',17,'','','S','','2020-07-03 12:34:21',NULL),
(28,76,'Paciente con contacto hace 12 días con paciente positivo, inicia hace una semana con fiebre no cuantificada por termometro, y malestar de garganta. Tos esporadica y solamente un episodio hace 1 semana de opresión en el pecho. \nPaciente ya tomando medicamento para la tos.\nClasificación B','Se da amplio plan educacional\nSe manda a aislamiento de 14 días\nRP por acetaminofen y zinc\nSe le indica como continuar con el jarabe que posee en casa y el suero. \nSe le indica que cualquier complicación vuelva a consultar.',16,'S','','S','','2020-07-03 12:45:31',NULL),
(29,78,'Paciente con contacto de Covid positivo hace 20 días, sin embargo refiere que hace aproximadamente 3 días inicia con fiebres intermintentes cuantificadas con termometro (38.5, 38 y 37.8) y leve dolor de garganta. No ha iniciado tratamiento, consulta pues es paciente hipertenso con tratamiento y por el contacto recibido \nPaciente Clasificación A','Se da amplio plan educacional, se le indica de aislamiento restrictivo por 14 días, por contacto y sintomatologia\nRP Acetaminofen, Zinc y Suero Oral\nSe indica vuelva a consultar si los síntomas se agravan ',16,'','','S','','2020-07-03 13:19:19',NULL),
(30,79,'Paciente ya con tratamiento preventivo de COVID por medico particular.\nInicia con el tratamiento sin embargo al presentarse a trabajar los sintomas se presentan con mayor intensidad.\nAl pedir evaluación paciente con saturación de 94% FC 103 Temperatura de 37.6, refiriendo únicamente dolor de cabeza','Aislamiento estricto por 14 días\nAmplio plan educacional \nSe indica que continue con tratamiento indicado con médico particular\nRP Ibuprofeno por 3 días.',16,'','','S','','2020-07-03 13:54:41',NULL),
(31,80,'Rp\nIRS tabletas\nDextrometorfano jarabe\nIliadin','Paciente cursa con cuadro de sinusitis',17,'','','S','','2020-07-03 14:17:03',NULL),
(32,81,'Rp\nIRS tabletas\nDextrometorfano\nSuero Rehidratación Oral','Infección respiratoria superior',17,'','','S','','2020-07-03 14:32:07',NULL),
(33,83,'Posible infección respiratoria superior','IRS,\ndextrometrofano\nSRO',18,'S','','S','','2020-07-03 14:36:22',NULL),
(34,84,'Paciente con fiebre cuantificada con termómetro (37.8), dolor de garganta y tos. Refiere que hace una semana termino tratamiento por una infección respiratoria superior con antibiótico, al presentarse a trabajar inicia con dolor de garganta y leve dificultad respiratoria. \nPaciente clasificación B\nPaciente ya posee medicamentos','Aislamiento de 14 días\nAmplio plan educacional\nRp: Acetaminofen, suero oral, dextrometorfano y zinc',16,'','','S','','2020-07-03 15:29:31',NULL),
(35,85,'Altamente sospechoso ya que tuvo contacto con personas positivas, y a ido aumento la dificultad respiratoria se da plan educacional','azitro, acetaminofes, dextrometorfano, zinc y sro',18,'S','S','S','','2020-07-03 15:40:22',NULL),
(36,86,'Dextrometorfano\nAcetaminofen\nZinc\nSuero de rehidratación oral','Paciente con alta sospecha de COVID19, se indica debe realizarse prueba en IGSS',17,'S','','S','','2020-07-03 16:15:26',NULL),
(37,93,'dfgd','dfdf',37,'','','S','','2020-07-06 07:14:26',NULL),
(38,93,'dfgd','dfdf',37,'','','S','','2020-07-06 07:14:26',NULL),
(39,98,'Paciente se presenta a la consulta con evidente dificultad respiratoria, sin poder articular más de 3 palabras, dándose aire con un soplador. Al evaluar la ficha clínica se observa Sat 78%, al pedir que se sature en consulta se observa en 59%, por lo cual se solicita traslado a Hospital de Referencia','',17,'','','N','Paciente tipo E, traslado a hospital ','2020-07-06 08:21:14',NULL),
(40,96,'Paciente con cuadro de resfriado, cumpliendo aislamiento, sin embargo presenta fiebre no cuantificada en los ultimos días y dolor de garganta.\nSe medica acetaminofen y antigripal. \nRefiere que en el trabajo varios compañeros han presentado la misma sintomatología pero han salido Negativos','Amplio plan educacional\nRP: Acetaminofen con horario, suero de hidratación y Zinc',16,'','','S','','2020-07-06 08:37:27',NULL),
(41,102,'','',31,'','','N','prueba 1','2020-07-06 09:55:45',NULL),
(42,104,'Paciente presenta anosmia y ageusia asociado a cefalea leve y tos no productiva. Paciente tiene alto riesgo de COVID-19 sin embargo por ausencia de comorbilidades, paciente se manda a aislamiento en casa con kit para tratar síntomas y aumentar sistema inmune con vitaminas y zinc. Se da amplio plan educacional.','',31,'S','','S','','2020-07-06 10:39:29',NULL),
(43,103,'Paciente inicia con fiebre hace 3 días acompañado a ello leve dificultad respiratoria que no limita sus actividades. \nPaciente clasificación tipo B por leve dificultad respiratoria','Amplio plan educacional\nRP: Acetaminofen cada 6 horas \nDextrometorfano 2 cucharaditas cada 8\nZinc 1 tableta diaria\nAislamiento de 14 días, notificar cualquier cambio. ',16,'','','S','','2020-07-06 10:44:08',NULL),
(44,105,'Rp Metocarban AC\nLoratadina\nDextrometorfano','',17,'','','S','Paciente cuenta con medicamento propio','2020-07-06 10:52:50',NULL),
(45,106,'Paciente quien presento dolor de garganta y fiebre, actualmente refiere que ya no ha presentado estos síntomas sin embargo ha quedado con cansancio','acetaminofen\nzinc',18,'S','','S','','2020-07-06 11:02:50',NULL),
(46,107,'Paciente con saturación menor a 90%, evidente dificultad respiratoria, no logra terminar frases, dolor moderado al respirar según lo referido. \nPaciente clasificación E','Amplio plan educacional\nTraslado de emergencia',16,'','','S','','2020-07-06 11:12:53',NULL),
(47,108,'Rp: Acetaminofen cada 8 horas\nDextrometorfano 2 cucharaditas cada 8\nZinc 1 tableta diaria\nSRO a libre demanda','',17,'','','S','','2020-07-06 11:13:45',NULL),
(48,109,'','',31,'','','N','Paciente presenta solamente dolor de garganta, no asociado a ningún otro síntoma sugestivo de coronavirus. Se da amplio plan educacional. Se inidica lansoprazol 30mg ya que por historia parece presentar ERGE lo cual está ocasionando síntomas. ','2020-07-06 11:27:54',NULL),
(49,110,'Ibuprofeno 500mg BID por 5 días\nDextrometorfano 2 cucharadas TID por 5 días','Paciente refiere que síntomas van en resolution, refiere sentirse mucho mejor. Se da amplio plan educacional y se indican criterios de alarma así como tiempo de cuarentena.',31,'','','S','','2020-07-06 11:45:15',NULL),
(50,112,'','Paciente con historia de haber estado en contacto con familiar positivo, quien ha presentado 1 episodio de fiebre, tos no productiva, anosmia y ageusia. Se sugiere suspender tratamientos con azitromicina y reemplazar ibuprofeno por acetaminofen. Se recomienda aislamiento durante 14 días, se deja kit de tratamiento ambulatorio y se da plan educacional sobre signos de alarma. ',45,'S','','S','','2020-07-06 11:52:58','2020-07-06 11:53:47'),
(51,114,'paciente actualmente sin ningun síntoma, quien indica ha hecho todas las normas de seguridad que se deben ','se continua en aislamiento por ocho dias mas y se indica que si todo bien, puede iniciar a salir de la habitación',18,'','','N','paciente sin sinotomas','2020-07-06 12:02:17',NULL),
(52,111,'Rp: Acetaminofen 1tab cada 8hr\nLoratadina 1tab por la noche\nZinc 1 tab al día\nSuero de rehidratación oral a libre demanda','',17,'S','','S','','2020-07-06 12:05:29',NULL),
(53,115,'Pte Francisco Caal:\nRp: Acetaminofen 1tab c/8hr\nRanitidina 1 tab antes del desayuno\nDextrometorfano 1 cucharada\nZinc 1 tab al día\nSuero Rehidratación Oral a libre demanda','',17,'S','','S','','2020-07-06 12:20:07',NULL),
(54,113,'Paciente clasificación B, refiere fiebre no cuantificada, leve dolor esporadico para respirar.','Amplio plan educacional\nRP: Acetaminofen por fiebre, Ibuprofeno 1 cada 3 Horas por 3 días\nDextrometorfano 2 cucharaditas cada 8 horas\nZinc  1 tableta al día\nAislamiento con notificación por complicación.',16,'S','','S','','2020-07-06 12:20:58',NULL),
(55,116,'','',31,'','','N','Paciente es referido a hospital por presentar SO2 en 89%, dificultad respiratoria, y comorbilidades. Se coordina ambulancia con oficial de campamento para traslado de paciente a cuidado hospitalario más cercano.','2020-07-06 12:29:54',NULL),
(56,117,'Vigilar signos de alarma\nAislamiento por 14 días ','Acetaminofen 1 gt Po cada 6 horas por 5 días \n',45,'','','S','','2020-07-06 12:35:13',NULL),
(57,118,'Paciente con fiebre, tos no productiva, no dificultad respiratoria, no comorbilidades pro lo que se deja kit de medicamentos, se da amplio plan educacional. Se indica cuándo puede terminar la cuarentena.','',31,'S','','S','','2020-07-06 12:59:10',NULL),
(58,119,'Se da plan educación sobre signos de alarma.\nSe indica suspender tratamiento con amoxicilina el cual había estado tomando por dolor de garganta   ','Paciente refiere fiebre cuantificada por termómetro y tos no productiva. \n',45,'S','','S','','2020-07-06 12:59:39','2020-07-06 13:00:34'),
(59,120,'Pte Oswaldo Reyes\nRp: Acetaminofen 1 tab c/8hr\nMetocarbamol 1 tab c/12hr','',17,'','','S','','2020-07-06 13:13:20',NULL),
(60,121,'Paciente asmático, actualmente con adecuada saturación de oxígeno 95%,se da plan educacional sobre signos de alarma.','Pte refiere fiebre no cuantificada por termómetro asociada a dolor de garganta, tos no productiva y cansancio. ',45,'S','','S','','2020-07-06 13:33:07','2020-07-06 13:35:38'),
(61,122,'Paciente luce clínicamente bien, puede completar oraciones sin presentar ningún grado de disnea, sin embargo se hace evidente tos la cual refiere es productiva, asociada a mialgias y cefalea.  No presenta fiebre. Se procede a dar amplio plan educacional sobre aislamiento y uso de medicamentos recetados. ','Acetaminofen 1gr cada 6 horas por 5 días  +. Dextrometofeno 2 cucharadas cada 6 horas por 7 días. ',44,'','','S','','2020-07-06 13:49:40',NULL),
(62,123,'Paciente refiere que hace 5 días tuvo contacto con paciente COVID positivo, por lo que realizo aislamiento, sin embargo hace tres días inicia con fiebre No cuantificada por termómetro, dolor de garganta y tos esporádica. \nTomó únicamente una aspirina para aliviar el dolor de cabeza\nPaciente clasificación B','Amplio plan educacional\nAislamiento estricto de 14 días\nRp: Acetaminofen 1 tab C/6 hr por 5 días \nDextrometorfano 2 cucharaditas c/8hrs\nZinc 1 tab al día por 1 Mes\nMetocarbamol 1 tab c/12 horas 3 días\nSuero oral',16,'S','','S','','2020-07-06 14:15:57',NULL),
(63,124,'Pte Susana Ortiz, clasificación B:\nRp Metocarban AC 1 tab c/8horas\nDextrometorfano 1 cucharada cada 8 horas','',17,'','','S','','2020-07-06 14:20:49',NULL),
(64,125,'Pte Melvin Lopez, clasficiación B:\nRp: acetaminofen 1 tab C/8hr\ndextrometorfano 1 cucharada c/8hr\nZinc 1 tab c/24hr\nSuero a libre demanda','',17,'S','','S','','2020-07-06 14:56:15',NULL),
(65,126,'paciente con cefale y congestión nasal, de cinco dias de evolucion,','acetaminofen 1gr cada 8\ndesloratadina\nse da plan educacional',18,'S','','S','','2020-07-06 15:15:45',NULL),
(66,128,'Paciente refiere tos no productiva y ocasional, no interfiere con sus horas de sueño ni actividades cotidianas, refiere alimentarse adecuadamente y luce clínicamente estable. En día de hoy no presenta fiebre, sin embargo refiere que ocasionalmente presenta escalofríos y en casa si ha presentado fiebre cuantificada por termómetro. Se procede a dar amplio plan educacional. ','Acetaminofen  1gr cada 8 horas por 5 días. \nSuero  oral 1 litro al día (4 vasos) mientras dure la fiebre. ',44,'','','S','','2020-07-06 15:28:08',NULL),
(67,127,'Paciente asintomático refiere que durante el fin de semana presenta episodios de falta de aire asociados a tos no productiva. No alteración de la conciencia ni el estado de alerta. Se deja kit y se indica el método de uso de los medicamentos para asma durante las exacerbaciones. Se da amplio plan educacional. Se recomienda consultar a médico de cabecera para acoplar medicamentos de asma por mal control, paciente refiere estar ustilizando salbutamol diario.','',31,'S','','S','','2020-07-06 15:31:19',NULL),
(68,129,'Se da plan educacional sobre signos de alarma. ','Tos no productiva persistente, cefalea, fiebre no cuantificada por termómetro ',45,'S','','S','','2020-07-06 15:43:12',NULL),
(69,131,'Paciente Carlos Contreras:\n1. Acetaminofén 1 tab c/8hr\n2. Dextrometorfano, 1 cucharada c/8hr\n3. Mebocaína, tabletas chupables, c/6hr','',17,'','','S','','2020-07-07 08:21:56',NULL),
(70,130,'Paciente inicia con leve dificultad respiratoria, perdida del olfato y gusto, dolor intenso de garganta, hace 5 días aproximadamente, toma antigripales con lo cual mejora.\nPaciente clasificación B','Amplio plan educacional\nAislamiento (Concluir el mismo)\nRP: Ibuprofreno 1 tab c/8hs\nAcetaminofen 1 tab por fiebre\nZinc 1 tab cada 24 horas\nHidratación',16,'','','S','','2020-07-07 08:28:56',NULL),
(71,135,'Paciente inicia con fiebre hace 4 días, asociado a ello dolor de garganta, leve dificultad respiratoria.\nPaciente clasificación B sin signos de alarma','Amplio plan educacional - Aislamiento\nRP: Acetaminofen 1gr c/8hrs\ndextrometrofano 1 cucharada cada  6 horas\nSuero de hidratación\nIliadin 1 puff en cada fosa nasal por 5 días 3 veces al día.',16,'','','S','','2020-07-07 08:53:21',NULL),
(72,137,'Falla tecnica de internet, atendido en campamento presencialmente','Plan educación signos alarma',31,'','','N','Sintomas leves','2020-07-07 09:36:22',NULL),
(73,140,'Atendido presencial en campamento por falla de Internet ','',31,'','','N','Solo presenta cefalea leve ocasional','2020-07-07 09:47:41',NULL),
(74,138,'Atendida presencialmente en campamento por falla tecnica de internet','Plan educación signos alarma',31,'','','N','Sintomas leves, ocasionales, sin aparente contacto de riesgo, ','2020-07-07 10:03:20',NULL),
(75,141,'Paciente presenta fiebre y malestar general desde hace 8 días, por lo que se medica sin embargo la fiebre no disminuye, consulta ya que hace tres dias inicia con tos seca y leve dificultad para respirar.\nPaciente clasificación B ','Amplio plan educacional\nAislamiento en casa\nRP: 1. Paracetamol 1 tab c/8hr 5 día\n2. Dextrometorfano 1 Cucharada c/8hrs\n3. Suero de hidratación oral\n4. Zinc 1 tab al día\n5. Mebocaina 1 tab c/6hrs',16,'S','','S','','2020-07-07 10:13:30',NULL),
(76,144,'Paciente José Carranza, clasificación B:\nAcetaminofen 1 tab c/8hr\nZinc 1 tab al día\nDextrometorfano 1 cucharada c/8hr\nEsomeprazol 1 cápsula en la mañana','',17,'S','','S','','2020-07-07 10:14:46',NULL),
(77,142,'Evaluado presencialmente en campamento, por falla tecnica del internet','Continuar azitromicina, completar 10 dias\nPlan educacional signos alarma ',31,'','','N','Su medico le indico azitromicina ha cumplido 5 dias. Continuar tratamiento ','2020-07-07 10:17:25',NULL),
(78,143,'Cumplio cuarentena obligatoria el 24 de junio de 2020','Plan educacional signos alarma ma y prevención ',31,'','','N','Actualmente asintomatica, ultimos sintomas refiere el 20 de junio (tos y disgeusia) ','2020-07-07 10:43:35',NULL),
(79,145,'To verificada 36.5, Obesidad','Plan educacional signos alarma y medidas preventivas',31,'','S','S','','2020-07-07 10:56:58',NULL),
(80,146,'1. Acetaminofen 1 tab c/8hr\n2. Dextrometorfano 1 cuchadara c/8hr\n3. Zinc 1 tab al día\n4. Suero de rehidratación a libre demanda','',17,'','','S','','2020-07-07 10:57:32',NULL),
(81,148,'Paciente sintomático de 81 años, dificultad respiratoria moderada, Saturación de oxigeno 80 - 90% Tos\nPaciente clasificación E','Amplio plan educacional \nTraslado',16,'','','S','','2020-07-07 11:04:00',NULL),
(82,147,'sintomático sensación de ahogamiento','dextrometrofano\nrespirex ejercicios cada hora \nnebulizaciones\naislamiento por quince días',18,'S','','S','','2020-07-07 11:07:41',NULL),
(83,149,'Atendido presencialmente en campamento por falla tecnica de internet','Plan educacional',31,'','','N','Ultimos sintomas hacer 7 dias. ','2020-07-07 11:17:26',NULL),
(84,151,'1. Acetaminofen 1 tab c/8hr\n2. Metocarbamol 1 tab c/12hr\n3. Zinc 1 tab al día','',17,'','','S','','2020-07-07 11:18:43',NULL),
(85,153,'paciente hemodinamicamente estable, quien no presenta sintomas de alarma','acetaminofen cada ocho\ndextrometrofano prn\nloratadina\nzinc ',18,'S','','S','','2020-07-07 11:22:12',NULL),
(86,150,'Paciente clasificación D, refiere que inicia el día de ayer solamente con leve dolor de garganta, no hay tos, no hay dificultad respiratoria, no hay perdida del olfato y gusto. \nHa sentido mejoría con tomas naturales de Té\nSin cormobilidades\n','Amplio plan educacional\nRP: 1. Ibuprofeno 1 tab c/8hrs\n2. Zorritone Dulces 1 C/6hrs\n3. Zinc 1 tab c/24hrs por 1 mes\n4. Suero a libre demanda!',16,'S','','S','','2020-07-07 11:23:32',NULL),
(87,155,'1. Acetaminofen 1 tab c/8hr\n2. Dextrometorfano 1 cucharada c/8hr\n3. Zinc 1 tab al día','',17,'','','S','','2020-07-07 11:31:55',NULL),
(88,152,'Atendida presencial en campamento por falla tecnica de internet ','Plan educacional sobre signis alarma y prevencion',31,'','','N','Tos de 5 años evolución ocasional','2020-07-07 11:37:41',NULL),
(89,159,'paciente quien ya habia iniciado tratamiento por sospecha de covid, consulta por el dolor de garganta por lo que se da medicanmento para dolor de garganta','mebocaina',18,'','','S','','2020-07-07 11:44:08',NULL),
(90,161,'1. Acetaminofen 1 tab c/8hr\n2. Metocarbamol 1 tab c/8hr\n3. Dextrometorfano 1 cucharada c/8hr\n4. Zinc 1 tab al día','',17,'S','','S','','2020-07-07 11:45:33',NULL),
(91,158,'Paciente inicia con dolor de cabeza y tos esporádica por las noches, durante hace ya 3 días, luego de enterarse que su mamá dió positivo a COVID, Va a médico particular quien deja tratamiento con ibuprofeno y azitromicina.\nPaciente clasificación B','Amplio Plan Educacional\nAislamiento estricto en casa\nRP: 1. Zinc 1 tab C/24hrs por 1 mes\n2. Suero a libre demanda\n3. Continuar con el tratamiento como establecido por médico anterior como indicado',16,'','','S','','2020-07-07 11:50:50',NULL),
(92,154,'Plan educacional ','Completar 10 dias azitromicina',31,'','','N','Ha cumplido 4 dias con azitromicina indicada por su medico','2020-07-07 12:05:52',NULL),
(93,156,'','Completar 10 dias azitromicina\nPlan educacional ',31,'','','N','Inicio Azitromicina por medico particular','2020-07-07 12:22:04',NULL),
(94,157,'Atendida presencial por falla tecnica de internet ','Plan educacional sobre signos alarma prevención e higiene',31,'','','N','Sintomas leves hace 3 dias rinorrea sensacion subjetiva de fiebre','2020-07-07 12:36:28',NULL),
(95,163,'1. Acetaminofen 1 tab c/8hr\n2. Dextrometorfano 1 cucharada c/8hr\n3. Zinc 1 tableta al día','',17,'S','','S','','2020-07-07 12:47:17',NULL),
(96,166,'1. Acetaminofen 1 tab c/8hr\n2. Dextrometorfano 1 cucharada c/8hr\n3. Zinc 1 tab al día','',17,'S','','S','','2020-07-07 12:55:50',NULL),
(97,165,'','acetaminofen\ndextrometofano\nejercicios respiratorios',18,'S','','S','','2020-07-07 12:59:28',NULL),
(98,160,'Se gestiono traslado a Hospital','So2 83% se traslada inmediatamente ',31,'','','N','Referencia a Hospital','2020-07-07 13:00:10',NULL),
(99,164,'Paciente refiere que hace 4 días inicia con dolor de garganta, fiebre y leve dificultad respiratoria, toma paracetamol lo cual alivia la fiebre sin embargo comenzó con dolor de cuerpo y tos sobre todo por las noches. \nPaciente con comorbilidades\nClasificación A','Amplio plan educacional\nRP:\n1. Paracetamol 1 tab c/8hrs\n2. Destrometrofano 1 cucharada c/8hr\n3. Zinc 1 tableta al día\n4. Suero a libre demanda\nAislamiento estricto 14 días',16,'S','','S','','2020-07-07 13:03:18',NULL),
(100,167,'1. Acetaminofen 1 tab c/8hr\n2. Dextrometorfano 1 cucharada c/8hr\n3. Zinc 1 tab al día\n4. Mebocaína tabletas chupables c/6h','',17,'S','','S','','2020-07-07 13:12:25',NULL),
(101,162,'Atendido presencialmente por falla tecnica de internet','Iniciar Kit tratamiento, plan educacional signos alarma distanciamiento ',31,'S','S','S','','2020-07-07 13:19:36',NULL),
(102,169,'1. Acetaminofen 1 tab c/8hr\n2. Dextrometorfano 1 cucharada c/8hr\n3. Decatileno 1 tableta chupable c/6hr\n4. Zinc 1 tab al día','',17,'','','S','','2020-07-07 13:38:55',NULL),
(103,168,'Paciente con dificultad respiratoria leve, tos y fiebre hace aproximadamente 3 dias\nSin embargo al tomar acetaminofen se siente mejor.  Se solicita toma de saturación dando 93% y FC de 103 \nPaciente clasificación B','Amplio plan educacional\nRp:\n1. Ibuprofeno 1 tab c/8hrs por 3 días\n2. Zorritone dulces 1 c/6hr\n3. Acetaminofen 1g c/8hrs por 5 días \n4. Dextrometorfano 1 cucharada c/8hrs\n5. Zinc 1 tab por 1 mes\n6. Suero a libre demanda\nRECALCAR USO DE MASCARILLA\nAISLAMIENTO ESTRICTO 14 Días',16,'S','','S','','2020-07-07 13:41:49','2020-07-07 13:41:56'),
(104,170,'','acetaminofen cada 8 hrs ',18,'S','','S','','2020-07-07 14:16:44',NULL),
(105,171,'paciente refiere dolor de articulaciones y fiebre de un día de evolución ','reposo por una semana y se deja acetaminofen ',18,'S','','S','','2020-07-07 14:33:22',NULL),
(106,172,'Paciente vive en zona 12 por lo que se indica que debe de adquirir sus medicamentos.\n-Acetaminofén 1gr cada 8 hrs pro 5 días\n-Suero oral\n-Dextrometorfano 2 cucharadas cada 8 horas por 5 días.','Paciente sin comorbilidades, refiere mejoría de síntomas, resolución de anosmia y aneugesia. No dificultad para respirar por lo que se deja medicamentos, amplio plan educacional y se indica debe de mantener aislamiento por 14 días.',31,'','','S','','2020-07-07 15:00:31',NULL),
(107,173,'Paciente refiere dolor de cabeza y cuerpo, luego de enterarse de familiar diera positivo.\nPaciente tipo C','Amplio plan educacional\nRp:\n1. Acetaminofen 1gr c/6hr\n2. Zinc 1 tab c/24hr\nAislamiento estricto',16,'','','S','','2020-07-07 15:11:42','2020-07-07 15:12:07'),
(108,175,'Paciente refiere fiebre no cuantificada por termómetro, mialgias, tos ocasional no productiva','Acetaminofen 1 gt PO cada 6 horas por 5 días',45,'','','S','','2020-07-08 08:19:09',NULL),
(109,174,'-Acetaminofén 1gr c/6hrs por 5 días\n-Suero oral\nPaciente vive fuera de zona 7 por lo que se iindica que debe de comprar sus propios medicamentos.','Paciente refiere episodios de tos y fiebre durante la noche con sensación de quedarse sin aire, refiere que presentaba episodios parecidos hace un año y que aumentan en la última semana. Se da tratamiento con acetaminofén para fiebre, se da plan educacional. Se indica que debe de mantener distancia y aislamiento durante 14 días. ',31,'','','S','','2020-07-08 08:27:10',NULL),
(110,176,'1. Acetaminofen 1 tab PRN por dolor','',17,'','','S','','2020-07-08 08:43:50',NULL),
(111,177,'paciente sin antecedentes de contacto con alguien positivo actualmente presenta molestias en la garganta con antecedentes de dolor de oido de mas o menos 2 semanas ','acetaminofen cada 8 hrs\nmebocaina cada 6 horas\naislamiento estricto por una semana ',18,'','','S','','2020-07-08 08:44:25',NULL),
(112,178,'Paciente sintomatico SIN comorbilidades, ha presentado episodios de fiebre cuantificada con termometro, con leve dificultad respiratoria (por momentos dificulta el poder hablar), tos, se confirma datos de Saturación siendo el mismo de 88%, refiere opresión en el pecho.\nRefiere que haber visto al medico el día anterior, se revisa receta si deja mismo medicamento\nPor clinica se clasifica al paciente como tipo E sin embargo paciente no desea ser trasladado para seguimiento hospitalario','Amplio plan educacional\nAislamiento estricto de 14 días\nRp:\n1 Acetaminofen c8hrs por 5 días\n2. Nebulizaciones con solución salina 1 cc + 1cc de salbutamol realizar nebulización descansar 15 minutos y repetir, hacer esto 3 veces al día\n3. Ejercicio respiratorio como indicado\n4. Seguir con el medicamento como indicado por el medico anterior\nSe refiere para realizar prueba de COVID',16,'','','S','','2020-07-08 09:21:42',NULL),
(113,179,'-Acetaminofén 1gr TID por 5 días\n-Suero oral','Paciciente refiere cefalea de intensidad 6/10, asociada a dolor de garganta, no refiere otro síntoma. Se da tratamiento sintomático, se indica que debe de hacer reposo en casa y evitar contacto con otras personas. Se da amplio plan educacional.',31,'','','S','','2020-07-08 09:36:33',NULL),
(114,180,'Paciente clasificación A, se reiteran los datos de saturación siendo de 95% fc 97 \npaciente afonica, con leve dolor de garganta, dificultad respiratoria leve solo a pequeños movimientos, tos esporadica, y fiebre no cuantificada.\nRefiere haber tenido contacto con pacientes positivos para COVID.\nSe realizara prueba por sus propios medios','Amplio plan educacional\nRp: \n1 . Acetaminofen c/8hrs por 5 días\n2. Dextrometrofano 1 cucharada c/8hr por 7 días\n3. Suero a libre demanda\n4. Zinc 50mg 1 tab C/24hrs\n5. Zorritone Dulces 1 c/6hrs \nAislamiento estricto - Recalcar uso de Marcarilla',16,'S','','S','','2020-07-08 10:01:50',NULL),
(115,181,'-Acetaminofén 300mg TID por 5 días\n-Suero oral','Se da plan educacional a paciente quien madre ya tuvo prueba positiva de COVID hace 2 meses, refiere presenta fiebre el día de ayer por lo que consulta a hospital roosevelt en donde refieren todo encontrarse normal y refieren a casa. El día de hoy paciente no ha presentado síntomas, se explica a madre que de presentar nuevamente debe consultar a HR, por lo contrario, quedarse en casa con tratamiento sintomático.',31,'','','S','','2020-07-08 10:03:38',NULL),
(116,183,'Paciente refiere fiebre no cuantificada por termómetro, tos seca ocasional, anosmia, cansancio y dolor corporal. Se da plan educacional sobre signos de alarma. ','Se sugiere suspender tratamiento con azitromicina. Paciente con alta sospecha por lo que se deja Kit de medicamentos ',45,'S','','S','','2020-07-08 10:05:13',NULL),
(117,185,'Paciente Leslie Asencio Clasificación C: estuvo una semana en el HGSJDD con su bebé ingresado:\n1. Acetaminofen 1 tab c/8hr\n2. Zinc 1 tab al día ','',17,'S','','S','','2020-07-08 10:26:29',NULL),
(118,184,'-Dextrometorfano 2 cucharaditas c/6hrs por 5 días.\n-Suero oral','Paciente refiere hace 5 días presentar fiebre, escalofrios y tos, indica que los síntomas resolvieron pero la tos persiste. Se da plan educacional a paciente, se indica que tos puede persistir incluso por 3 semanas más. Se da tratamiento sintomático. ',31,'','','S','','2020-07-08 10:38:12',NULL),
(119,186,'Paciente con tos seca, persistente, historia de fiebre no cuantificada por termómetro, cansancio. Se da plan educacional sobre signos de alarma, se indica aislamiento por 14 días. ','Paciente altamente sintomático por lo que deja Kit de medicamentos. ',45,'S','','S','','2020-07-08 10:55:23',NULL),
(120,187,'Paciente refiere que hacer 8 días inicia con fiebre no cuantificada por termometro y cansancio extremo, asi mismo tos esporadica.\nSe ha estado medicando con ibuprofeno y amoxicilina con lo que sintió mejoría.\nPaciente clasificación B','Amplio plan educacional\nAislamiento estricto 14 días con recalco en el uso de mascarilla por la tos\nRp:\n1. Acetaminofen 1tab c/8hrs\n2. Hiedra Helix 1 cucharada c/6hrs por 5 días\n3. Suero a libre demanda\n4. Zinc 1 tab c/24hrs por 1 mes\n5. Realizar ejercicios respiratorios 3 veces al día por 1 hora con intervalos de 10 minutos',16,'','','S','','2020-07-08 11:05:58','2020-07-08 11:06:54'),
(121,188,'Paciente Gloria Salazar, clasificación C:\n1. Acetaminofen 1 tab c/8hr\n2. Loratadina 1 tab por la noche\n3. Zinc 1 tab al día','Se envía a paciente a revisión médica para auscultación de campos pulmonares pues aunque su saturación de O2 es normal, paciente ha presentado anteriormente cuadros de asma. Tratamiento a discreción del médico que evalúa a paciente ',17,'','','S','','2020-07-08 11:19:16',NULL),
(122,189,'pacientes quien presenta posible cuadro de ansiedad no presenta ningún signo o síntoma relacionado con covid, indica que tiene miedo que le de un infarto por la sensación de opresión de pecho que ha presentado. clasificación tipo D','se da plan educacional para su ansiedad\naspirina por prevención cardíaca ',18,'','','S','','2020-07-08 11:31:09','2020-07-08 11:31:44'),
(123,190,'-Acetaminofén 1gr TID por 5 días','Paciente refiere dolor de espalda, cuello y cabeza de 1 mes de evolución, refiere que dolor lo asocia a que su hijo se fue del país justo hace un mes. Se da amplio plan educacional a paciente. Se indica que debe tomar medidas de protección ante COVID y consultar con trabajador de la salud mental para disminuir síntomas.',31,'','','S','','2020-07-08 11:38:58',NULL),
(124,193,'1. Acetaminofen 1 tab c/8hr\n2. Dextrometorfano 1 cucharada c/8hr\n3. Zinc 1 tab al día','1. Plan educacional amplio\n2. Aislamiento estricto',17,'S','','S','','2020-07-08 11:40:03',NULL),
(125,191,'Paciente refiere que hace aproximadamente 1 semana inicia con fiebre cuantificada con termometro, fuertes dolores de cabeza y un episodio de diarrea. \nHa estado tomando esporadicamente acetaminofen con el cual alivian los dolores de cabeza. \nPaciente por historia clasificación B','Amplio plan educacional\nAislamiento de 14 días\n1. Acetaminofen 1gr c/8hrs\n2. Zinc 50mg c/24hrs por un mes\n3. Suero a libre demanda',16,'','','S','','2020-07-08 11:41:32',NULL),
(126,194,'paciente con posible cuadro de sospecha de covid, actualmente cursa por cefalea, diarrea, dolor de garganta y fiebre desde hace tres días.','se da plan educacional para aislamiento estricto por dos semanas\nacetaminofen cada 8 horas',18,'','','S','','2020-07-08 11:46:42',NULL),
(127,192,'-Acetaminofén 1gr po TID\n-Suero oral','Paciente con anosmia y leve dolor en espalda de 4 días de evolución. Refiere presentar sudoración en la noche. Indica que síntomas han mejorado en últimos días. Se da amplio plan educacional y se indica que debe de mantener aislamiento por 14 días para prevenir más contagios.',31,'','','S','','2020-07-08 11:54:35',NULL),
(128,195,'1. Acetaminofen 1 tab c/8hr\n2. Esomeprazol 1 capsula antes del desayuno\n3. Pasinerva 1 capsula por la noche ','Paciente tipo D',17,'','','S','','2020-07-08 12:02:44',NULL),
(129,198,'1. Acetaminofen 1 tab c/8hr\n2. Ranitidina 1 tab antes del desayuno\n3. Zinc 1 tab al día','1. Plan educacional amplio\nClasificación D',17,'','','S','','2020-07-08 12:34:36',NULL),
(130,197,'Paciente refiere que hace una semana inicia con dificultad para tragar alimentos, sin estar asociada a fiebre, unicamente a dolores de cabeza ligeros.\nSin embargo el día de hoy noto al verse en la garganta \"puntos blancos\" y asociado a un episodio de fiebre no cuantificada. \nLa sintomatología e historia clinica indican caso de amigdalitis \nPaciente clasificación D','Amplio plan educacional\nRp:\n1. Amoxicilina 500mr 1 c/12 por 7 días\n2. Ibupreofeno 1 cap. c/8 horas por 3 días. ',16,'','','S','','2020-07-08 12:36:10',NULL),
(131,199,'-Acetaminofén 1gr TID por 5 días\n-Suero oral','Paciente con probabilidad de tener COVID leve, se da plan educacional y tratamiento sintomático.',31,'','','S','','2020-07-08 12:51:35',NULL),
(132,200,'Paciente fumador con historia de tos no productiva, la cual ha aumentado en los últimos días.','Dextrometorfano 2 cucharaditas cada 8 horas por 10 días, será adquirido por el paciente ',45,'','','S','','2020-07-08 13:02:51',NULL),
(133,202,'1. Tabcin antigripal 1 gragea en la mñana y en la noche','Clasificación D\nPlan educacional\nUso de mascarilla recalcado',17,'','','S','','2020-07-08 13:15:28',NULL),
(134,201,'Paciente refiere que hace una semana aproximadamente tuvo contacto con paciente positivo, hace 4 días inicia con fiebre, leve dificultad respiratoria (se logra observar posterior a subir las gradas), y tos esporadica. \nSe aplico salbutamol el puff por orden medica y ha notado mejoria\nPaciente clasificación B','Amplio plan educacional\nAislamiento etricto en casa\nRp:\n1. Acetaminofen 1g c/8hr\n2. Dextrometorfano 1 cucharadita c/8hrs\n3. Suero a libre demanda\n4. Zinc 50 mg c/24hrs por un mes\n5. Ejercicios Respiratorios \n6. Hacer nebulizaciones y puff de medicamento como fue indicado por el médico.',16,'','','S','','2020-07-08 13:22:05',NULL),
(135,204,'1. Metocarban AC 1 tab c/8hr\n2. Zinc 1 tab al día','Aislamiento por una semana',17,'','','S','','2020-07-08 13:26:45',NULL),
(136,203,'Paciente con historia de cansancio general de diez días de evolución, refiere que hace 25 dias dejo de ingerir bebidas alcoholicas, no ha presentado fiebre solamente cefalea, sin signos de sospecha de covid, se da clasificación D','Plan educacion preventivo\nlanzoprazol 1 antes del desayuno \nacetaminofen prn',18,'','','S','','2020-07-08 13:29:28','2020-07-08 13:29:48'),
(137,206,'1. Acetaminofen 1 tab c/8hr \n2. Zinc 1 tab al día','Plan educacional\nAislamiento estricto',17,'','','S','','2020-07-08 13:38:01',NULL),
(138,205,'Paciente refiere que hace 5 días aproximadamente inicia con dolores de espalda, asociados con ardor, posterior a enterarse de casos positivos en la familia.\nPor historia clínica paciente presenta cuadro de dolor muscular por estrés. \nPaciente clasificación D','Amplio plan educacional\n1. Metocarban A/C 1 tab c/8hrs por 5 días\n2. Suero a libre demanda\n3. Zinc 1 tab al día por un mes',16,'','','S','','2020-07-08 13:48:49','2020-07-08 13:49:03'),
(139,207,'1. Acetaminofen 1 tab c/8hr\n2. Dextrometorfano 1 cucharada C/8hr\n3. Zinc 1 tab al día ','1. Plan educacional\n2. Aislamiento estricto',17,'S','','S','','2020-07-08 13:54:14',NULL),
(140,208,'paciente con sospecha de covid\nactualmente presenta cefalea','se da plan educacional y aislamiento estricto por dos semanas\nacetaminofen cada 8 hrs\nzinc una diaria ',18,'','','S','','2020-07-08 14:01:06',NULL),
(141,211,'','',45,'','','N','Paciente refiere congestion nasal sin embargo ya cuenta con tratamiento de spray intranasal el cual aplica BID.Niega cualquier otro síntoma.','2020-07-08 14:06:21',NULL),
(142,210,'1. Acetaminofen 1 tab c/8hr\n2. Hedera Helix 1 cucharada c/8hr\n3. Zinc 1 tab al día','Plan educacional\nAislamiento estricto',17,'','','S','','2020-07-08 14:09:40',NULL),
(143,209,'Paciente refiere que hace algunos días inicia con dolor de cabeza, y leve dificultad respiratoria. \nLo cual ha aliviado con acetaminofen. \nPaciente con historia de neumonía hace 4 meses y episodios de asma desarrollados posteriormente. \nPaciente clasificación A\nSintomatica con dolor de garganta, sin signos de alarma pero con comorbilidades','Amplio plan educacional\nAislamiento en casa\nRp:\n1. Acetaminofen 1gr c/8hrs por 5 días\n2. Zinc 1 tab al día por un mes',16,'','','S','','2020-07-08 14:15:58',NULL),
(144,212,'Paciente refiere haber presentado 2 episodios de fiebre cuantificada por termómetro (38.4),niega otros síntomas\n\nSe recomienda adecuada hidratacion y se explican signos de alarma ','Acetaminofen 1 gr PO cada 8 hrs, será adquirido por paciente. ',45,'','','S','','2020-07-08 14:19:14','2020-07-08 14:19:41'),
(145,214,'Paciente refiere que hace aproximadamente 4 días inicia con dolor de cuerpo y fiebre, la cual cede al tomar acetaminofen, asociado a ello dolor de garganta, tos seca y cansancio extremo.\nPaciente clasificación B, se proporciona amplio plan educacional de medidas de protección','Aislamiento en casa por 14 días y medidas preventivas\nRp:\n1. Acetaminofen 1gr c/8hrs\n2. Dextrometorfano 1 cucharada c/8hrs por 5 días\n3. Zinc 50 mr 1 tab c/24hrs por un mes\n4. Suero a libre demanda',16,'S','','S','','2020-07-08 15:12:17',NULL),
(146,217,'Hija  del paciente, quien el refiere ejerce como médico en un centro asistencial, es positiva a COVID 19.  Habitan en la misma casa. \nSe brinda amplio plan educacional sobre medidas de prevención. ','',44,'','','N','Paciente asintomático. ','2020-07-08 15:15:46',NULL),
(147,215,'1. Acetaminofen 1 tab c/8hr\n2. Hedera Helix 1 cucharada c/8hr\n3. Zinc 1 tab al día','Plan educacional\nAislamiento',17,'S','','S','','2020-07-08 15:20:53',NULL),
(148,216,'-Kit de medicamentos','Paciente sin comorbilidades de 70 años, refiere presentar cefalea y sudoraciones ocasionales. Indica que su hija dio positivo para COVID hace dos días por lo que consulta. Se da amplio plan educacional a paciente. Por signos vitales estables y ningún signos de alarma, se da tratamiento sintomático y por edad se receta el kit completo. Paciente indica que su hija está tomando un medicamento que no recuerda el nombre pero desea tomarlo ella también. Se explica que no existe tratamiento dirigido a COVID y que en este caso no es necesario otro medicamento. Se indica que riesgos sobrepasan beneficios.',31,'S','','S','','2020-07-08 15:26:58',NULL),
(149,218,'Paciente con 9 días de aislamiento cumplidos debido a cuadro gripal. Sin embargo consulta debido a que a presentado fiebre de predominio nocturno y dolor de garganta.\nPaciente ya con tratamiento en casa por médico particular.\nSe proporciona amplio plan educacional\nPaciente clasificación B','Aislamiento con medidas preventivas\nRp:\n1. Acetaminofen 1gr c/8Hrs\n2. Zinc 50mg 1 tab c/24 hrs\n3. Suero a libre demanda',16,'','','S','','2020-07-08 15:49:25',NULL),
(150,220,'paciente quien al ingreso presenta sat 84% fc 118 por lo que se traslada a centro asistencial ','traslado STAT  a centro asistencial',18,'','','N','paciente E traslado ','2020-07-08 16:08:18',NULL),
(151,219,'-Acetaminofén 1gr PO TID\n-Suero oral','Paciente refiere cefalea, no tos, leve sesación de dificultad respiratoria. Se da amplio plan educacional. Se da tratamiento sintomático.',31,'','','S','','2020-07-08 17:01:46',NULL),
(152,222,'1. Acetaminofen 1 tab C/8hr\n2. Dextrometorfano 1 cucharada c/8hr\n3. Zinc 1 tab al día','Plan educacional\nAislamiento estricto',17,'S','','S','','2020-07-09 08:24:18',NULL),
(153,221,'Paciente refiere que inicia con una opresión en el pecho hace aproximadamente 4 días, la cual permanece sobre todo cuando se encuentra en el trabajo (oficio: bodeguero)\nLa opresión aumenta ligeramente cuando realiza el movimiento de carga, sin embargo esta no imposibilita sus actividades, ni habla. \nSat. 97% \nHistoria clinica y sintomatología el cuadro coicide con una osteocondritis.\nSe da amplio plan educacional y se explican medidas preventivas\nPaciente clasificación D','Medidas preventivas\nRp:\n1. Metocarban A/c 1 tab c/12 hrs 5 días\n2. Zinc 1Tab c/24hrs por 1 mes \n3. Ejercicios respiratorios como Indicados',16,'','','S','','2020-07-09 08:26:35',NULL),
(154,223,'pacientes con signos positivos de sospecha de covid, se indica q debe tener aislamiento aunque esta un poco anuente a realizarlo ','sse da plan educacion para aislamiento estricto por dos semanas. \nAcetaminofen cada 8hrs\nBroncodil 1 cuh cada 8hrs',18,'','','S','','2020-07-09 08:26:51',NULL),
(155,223,'pacientes con signos positivos de sospecha de covid, se indica q debe tener aislamiento aunque esta un poco anuente a realizarlo ','sse da plan educacion para aislamiento estricto por dos semanas. \nAcetaminofen cada 8hrs\nBroncodil 1 cuh cada 8hrs',18,'','','S','','2020-07-09 08:26:52',NULL),
(156,224,'1.  Acetaminofen 1 tab c/8hr \n2. Hedera Helix 1 cucharada c/8hr\n3. Zinc 1 tab al día','Plan educacional\nAislamiento estrico',17,'','','S','','2020-07-09 08:38:24',NULL),
(157,226,'paciente hemodinamicamente estable quien presenta posible congestión pulmonar, posible sospecha de ser positiva por lo que se le da plan educacional de aislamiento ','acetaminofen 120mg/5ml 15 cc cada 8hrs\nbroncodil 1 cuch cada 8 hrs\nnebulizaciones con SSN cada 6hrs\ndrenaje postural cada 6\n',18,'','','S','','2020-07-09 08:56:40',NULL),
(158,225,'Paciente refiere que inicia con leve opresión en el pecho hace 5 días, sin embargo esta se intensifico a pequeños esfuerzos hace 2 días, asociado a ella tos esporádica, sin fiebre.\nSe logra denotar que al terminar de subir las gradas para entrar a la clinica si llega agitada, al ir haciendo la entrevista la misma disminuye. Sat. 90%\nSe da amplio plan educacional \nPaciente clasificación B','Medidas preventivas\nAislamiento en casa 14 días\nRp:\n1. Acetaminofen 1gr c/8hs\n2. Zinc 50mg 1 tab c/24hrs por 1 mes\n3. Suero a libre demanda\n4. Ejercicios respiratorios como indicados',16,'','','S','','2020-07-09 09:00:12',NULL),
(159,228,'Paciente con dolor de garganta desde hace 4 días aproximadamente, va con medico particular quien receta antibiótico por infección de garganta, sin embargo continua con el dolor, inicia a presentar fiebre de predominio nocturno y leve opresión en el pecho\nSe proporciona amplio plan educacional, medidas preventivas.\nSe determina necesidad de aislamiento, paciente clasificación A, diabético','Medidas preventivas\nAislamiento pro 14 días\nRp: \n1. Acetaminofen 1gr c/8hrs 3días\n2. Expectorante (Lancasco) 1 cucharada c/8hrs por 7días\n3. Zinc 50mg 1tab c/24hrs\n4. Seguir demás medicamento como indicado por médico completar los 7 días.',16,'','','S','','2020-07-09 09:44:11',NULL);

/*Table structure for table `bitacora_usuario` */

DROP TABLE IF EXISTS `bitacora_usuario`;

CREATE TABLE `bitacora_usuario` (
  `id` int(11) unsigned NOT NULL AUTO_INCREMENT,
  `id_usuario` int(11) unsigned DEFAULT NULL,
  `login_at` datetime DEFAULT NULL,
  `logout_at` datetime DEFAULT NULL,
  PRIMARY KEY (`id`),
  KEY `id_usuario` (`id_usuario`),
  CONSTRAINT `bitacora_usuario_ibfk_1` FOREIGN KEY (`id_usuario`) REFERENCES `usuario` (`id`)
) ENGINE=InnoDB AUTO_INCREMENT=676 DEFAULT CHARSET=latin1;

/*Data for the table `bitacora_usuario` */

insert  into `bitacora_usuario`(`id`,`id_usuario`,`login_at`,`logout_at`) values 
(133,8,'2020-06-28 20:41:43',NULL),
(134,7,'2020-06-28 20:42:27',NULL),
(135,8,NULL,'2020-06-28 20:42:39'),
(136,7,NULL,'2020-06-28 20:42:44'),
(137,8,'2020-06-28 20:42:53',NULL),
(138,7,'2020-06-28 20:43:16',NULL),
(139,8,'2020-06-28 20:45:57',NULL),
(140,8,NULL,'2020-06-28 20:46:04'),
(141,7,'2020-06-28 20:46:10',NULL),
(142,7,NULL,'2020-06-28 20:50:28'),
(143,7,NULL,'2020-06-28 20:52:39'),
(144,8,'2020-06-28 21:13:45',NULL),
(145,8,NULL,'2020-06-28 21:29:43'),
(146,9,'2020-06-29 09:48:55',NULL),
(147,10,'2020-06-29 10:38:28',NULL),
(148,10,'2020-06-29 10:39:12',NULL),
(149,10,NULL,'2020-06-29 10:49:05'),
(150,10,'2020-06-29 10:49:40',NULL),
(151,11,'2020-06-29 10:50:06',NULL),
(152,10,NULL,'2020-06-29 10:50:33'),
(153,11,'2020-06-29 10:50:50',NULL),
(154,13,'2020-06-29 10:56:30',NULL),
(157,14,'2020-06-29 11:03:59',NULL),
(158,15,'2020-06-29 11:24:32',NULL),
(159,15,'2020-06-29 11:27:16',NULL),
(160,9,'2020-06-29 11:29:40',NULL),
(161,17,'2020-06-29 11:46:17',NULL),
(162,16,'2020-06-29 11:48:08',NULL),
(163,18,'2020-06-29 11:50:25',NULL),
(164,18,'2020-06-29 12:00:04',NULL),
(165,9,'2020-06-29 16:30:00',NULL),
(166,9,NULL,'2020-06-29 16:30:11'),
(167,9,'2020-06-29 16:30:36',NULL),
(168,9,'2020-06-29 16:32:39',NULL),
(169,19,'2020-06-29 16:36:16',NULL),
(170,18,'2020-06-29 17:17:25',NULL),
(171,17,'2020-06-29 20:54:48',NULL),
(172,8,'2020-06-29 22:50:56',NULL),
(173,8,NULL,'2020-06-29 22:56:50'),
(174,7,'2020-06-29 22:57:03',NULL),
(175,7,NULL,'2020-06-29 22:57:31'),
(176,18,'2020-06-30 12:25:49',NULL),
(177,16,'2020-06-30 12:26:56',NULL),
(178,16,'2020-06-30 12:29:29',NULL),
(179,16,'2020-06-30 12:50:24',NULL),
(180,11,'2020-07-01 07:14:29',NULL),
(181,16,'2020-07-01 07:15:15',NULL),
(182,14,'2020-07-01 07:16:59',NULL),
(183,14,NULL,'2020-07-01 07:19:07'),
(184,11,'2020-07-01 07:19:18',NULL),
(185,14,'2020-07-01 07:20:32',NULL),
(186,14,'2020-07-01 07:24:01',NULL),
(187,17,'2020-07-01 07:24:01',NULL),
(188,14,'2020-07-01 07:25:21',NULL),
(189,18,'2020-07-01 07:26:41',NULL),
(190,11,NULL,'2020-07-01 07:27:12'),
(191,10,'2020-07-01 07:27:25',NULL),
(192,15,'2020-07-01 07:27:43',NULL),
(193,17,'2020-07-01 07:30:08',NULL),
(194,16,'2020-07-01 07:30:37',NULL),
(195,14,NULL,'2020-07-01 07:34:24'),
(196,14,'2020-07-01 07:34:33',NULL),
(197,14,NULL,'2020-07-01 07:34:45'),
(198,11,'2020-07-01 07:40:00',NULL),
(199,17,'2020-07-01 07:42:51',NULL),
(200,10,'2020-07-01 07:55:54',NULL),
(201,18,'2020-07-01 07:57:25',NULL),
(202,15,'2020-07-01 07:57:35',NULL),
(203,18,'2020-07-01 07:58:32',NULL),
(204,18,'2020-07-01 08:10:00',NULL),
(205,18,NULL,'2020-07-01 08:10:14'),
(206,18,'2020-07-01 08:10:24',NULL),
(207,16,'2020-07-01 08:18:39',NULL),
(208,11,'2020-07-01 08:19:25',NULL),
(209,16,'2020-07-01 08:21:40',NULL),
(210,11,'2020-07-01 08:25:23',NULL),
(211,10,NULL,'2020-07-01 09:03:31'),
(212,10,'2020-07-01 09:03:47',NULL),
(213,17,'2020-07-01 09:10:07',NULL),
(214,17,'2020-07-01 09:26:45',NULL),
(215,16,'2020-07-01 10:26:15',NULL),
(216,15,NULL,'2020-07-01 11:25:55'),
(217,15,'2020-07-01 11:26:05',NULL),
(218,15,NULL,'2020-07-01 11:26:22'),
(219,15,'2020-07-01 11:27:41',NULL),
(220,15,'2020-07-01 11:29:50',NULL),
(221,15,'2020-07-01 11:41:06',NULL),
(222,15,NULL,'2020-07-01 11:46:27'),
(223,15,'2020-07-01 11:47:14',NULL),
(224,15,NULL,'2020-07-01 11:47:43'),
(225,15,'2020-07-01 11:48:33',NULL),
(226,10,NULL,'2020-07-01 11:48:47'),
(227,20,'2020-07-01 11:50:26',NULL),
(228,20,NULL,'2020-07-01 11:51:04'),
(229,21,'2020-07-01 11:55:14',NULL),
(230,21,NULL,'2020-07-01 11:55:23'),
(231,20,'2020-07-01 11:55:29',NULL),
(232,15,NULL,'2020-07-01 12:24:50'),
(233,21,'2020-07-01 12:25:03',NULL),
(234,18,'2020-07-01 12:30:12',NULL),
(235,21,'2020-07-01 12:53:11',NULL),
(236,20,NULL,'2020-07-01 13:12:28'),
(237,20,'2020-07-01 13:13:01',NULL),
(238,20,NULL,'2020-07-01 13:37:21'),
(239,20,'2020-07-01 13:37:27',NULL),
(240,21,'2020-07-01 14:09:52',NULL),
(241,16,'2020-07-01 14:34:29',NULL),
(242,21,NULL,'2020-07-01 14:34:38'),
(243,21,'2020-07-01 14:36:40',NULL),
(244,21,'2020-07-01 15:22:29',NULL),
(245,21,NULL,'2020-07-01 15:48:54'),
(246,17,'2020-07-01 16:02:05',NULL),
(247,18,NULL,'2020-07-01 16:09:20'),
(248,23,'2020-07-01 18:13:15',NULL),
(249,23,'2020-07-01 18:13:15',NULL),
(250,24,'2020-07-01 18:23:32',NULL),
(251,24,NULL,'2020-07-01 18:24:00'),
(252,22,'2020-07-01 18:25:45',NULL),
(253,23,'2020-07-01 18:28:11',NULL),
(254,23,NULL,'2020-07-01 18:28:24'),
(255,23,'2020-07-01 18:28:32',NULL),
(256,23,NULL,'2020-07-01 18:28:40'),
(257,23,'2020-07-01 18:28:46',NULL),
(258,22,'2020-07-01 18:37:07',NULL),
(259,24,'2020-07-01 18:47:43',NULL),
(260,23,'2020-07-01 19:38:13',NULL),
(261,22,'2020-07-01 21:00:05',NULL),
(262,22,'2020-07-01 21:21:23',NULL),
(263,22,'2020-07-01 21:22:56',NULL),
(264,22,NULL,'2020-07-01 22:04:01'),
(265,18,'2020-07-01 22:04:39',NULL),
(266,18,NULL,'2020-07-01 22:05:38'),
(267,22,'2020-07-01 22:05:58',NULL),
(268,16,'2020-07-02 00:19:20',NULL),
(269,16,NULL,'2020-07-02 01:47:31'),
(270,22,'2020-07-02 01:47:45',NULL),
(271,22,NULL,'2020-07-02 01:54:43'),
(272,22,'2020-07-02 01:54:57',NULL),
(273,22,NULL,'2020-07-02 02:14:21'),
(274,22,'2020-07-02 02:14:22',NULL),
(275,22,NULL,'2020-07-02 02:14:40'),
(276,22,'2020-07-02 02:14:42',NULL),
(277,22,NULL,'2020-07-02 02:27:47'),
(278,10,'2020-07-02 07:20:55',NULL),
(279,15,'2020-07-02 07:25:31',NULL),
(280,10,'2020-07-02 07:30:44',NULL),
(281,15,'2020-07-02 07:31:55',NULL),
(282,18,'2020-07-02 07:41:06',NULL),
(283,15,'2020-07-02 07:44:09',NULL),
(284,16,'2020-07-02 07:49:38',NULL),
(285,17,'2020-07-02 07:51:25',NULL),
(286,15,'2020-07-02 07:54:37',NULL),
(287,16,'2020-07-02 08:03:42',NULL),
(288,15,'2020-07-02 08:13:05',NULL),
(289,17,'2020-07-02 08:29:05',NULL),
(290,15,NULL,'2020-07-02 08:31:58'),
(291,15,'2020-07-02 08:32:19',NULL),
(292,15,'2020-07-02 08:53:21',NULL),
(293,18,'2020-07-02 08:55:23',NULL),
(294,15,'2020-07-02 09:24:33',NULL),
(295,8,'2020-07-02 09:48:39',NULL),
(296,15,'2020-07-02 09:49:19',NULL),
(297,15,'2020-07-02 09:51:45',NULL),
(298,15,'2020-07-02 09:52:33',NULL),
(299,15,'2020-07-02 09:59:57',NULL),
(300,18,NULL,'2020-07-02 11:26:12'),
(301,18,'2020-07-02 11:26:17',NULL),
(302,10,NULL,'2020-07-02 11:55:37'),
(303,25,'2020-07-02 12:05:25',NULL),
(304,25,NULL,'2020-07-02 12:09:11'),
(305,15,NULL,'2020-07-02 12:09:39'),
(306,21,'2020-07-02 12:09:52',NULL),
(307,20,'2020-07-02 12:16:30',NULL),
(308,21,NULL,'2020-07-02 15:46:19'),
(309,26,'2020-07-02 15:59:14',NULL),
(310,26,'2020-07-02 16:13:51',NULL),
(311,22,'2020-07-02 17:36:59',NULL),
(312,23,'2020-07-02 17:49:30',NULL),
(313,23,'2020-07-02 19:07:44',NULL),
(314,22,'2020-07-02 20:38:28',NULL),
(315,22,NULL,'2020-07-02 21:11:33'),
(316,22,'2020-07-02 22:48:03',NULL),
(317,22,NULL,'2020-07-03 01:26:23'),
(318,25,'2020-07-03 07:28:43',NULL),
(319,25,'2020-07-03 07:35:01',NULL),
(320,18,'2020-07-03 07:45:59',NULL),
(321,16,'2020-07-03 07:58:02',NULL),
(322,18,'2020-07-03 07:59:52',NULL),
(323,16,'2020-07-03 08:00:12',NULL),
(324,25,'2020-07-03 08:02:06',NULL),
(325,25,NULL,'2020-07-03 08:09:27'),
(326,28,'2020-07-03 08:11:47',NULL),
(327,29,'2020-07-03 08:25:36',NULL),
(328,29,'2020-07-03 08:26:29',NULL),
(329,23,'2020-07-03 08:32:48',NULL),
(330,28,NULL,'2020-07-03 08:43:02'),
(331,25,'2020-07-03 08:43:08',NULL),
(332,29,NULL,'2020-07-03 08:43:32'),
(333,29,'2020-07-03 08:43:43',NULL),
(334,29,NULL,'2020-07-03 08:43:56'),
(335,25,'2020-07-03 08:44:04',NULL),
(336,16,'2020-07-03 08:58:57',NULL),
(337,23,'2020-07-03 10:23:26',NULL),
(338,25,'2020-07-03 12:01:32',NULL),
(339,18,'2020-07-03 12:17:14',NULL),
(340,23,'2020-07-03 15:03:18',NULL),
(341,25,NULL,'2020-07-03 15:42:40'),
(342,23,'2020-07-03 15:49:48',NULL),
(343,17,NULL,'2020-07-03 16:16:26'),
(344,23,'2020-07-03 17:12:46',NULL),
(345,22,'2020-07-03 20:24:03',NULL),
(346,22,NULL,'2020-07-03 20:28:19'),
(347,18,NULL,'2020-07-03 22:23:31'),
(348,30,'2020-07-03 22:35:46',NULL),
(349,30,NULL,'2020-07-03 22:36:25'),
(350,30,'2020-07-03 22:36:31',NULL),
(351,30,NULL,'2020-07-03 22:37:57'),
(352,23,'2020-07-04 07:54:36',NULL),
(353,23,'2020-07-04 08:23:14',NULL),
(354,23,'2020-07-04 08:27:01',NULL),
(355,31,'2020-07-04 08:44:56',NULL),
(356,31,NULL,'2020-07-04 08:45:34'),
(357,11,'2020-07-04 09:35:33',NULL),
(358,11,'2020-07-04 09:41:26',NULL),
(359,32,'2020-07-04 09:41:30',NULL),
(360,32,NULL,'2020-07-04 09:41:57'),
(361,32,'2020-07-04 09:42:14',NULL),
(362,11,NULL,'2020-07-04 09:48:43'),
(363,14,'2020-07-04 09:49:07',NULL),
(364,33,'2020-07-04 09:52:17',NULL),
(365,33,NULL,'2020-07-04 09:54:29'),
(366,33,NULL,'2020-07-04 09:54:29'),
(367,33,NULL,'2020-07-04 09:54:29'),
(368,33,'2020-07-04 09:54:49',NULL),
(369,14,NULL,'2020-07-04 09:56:25'),
(370,33,'2020-07-04 09:56:39',NULL),
(371,37,'2020-07-04 10:12:06',NULL),
(372,31,'2020-07-04 10:15:12',NULL),
(373,33,'2020-07-04 10:54:39',NULL),
(374,33,NULL,'2020-07-04 10:56:51'),
(375,38,'2020-07-04 10:57:12',NULL),
(376,38,'2020-07-04 10:57:22',NULL),
(377,38,'2020-07-04 10:59:35',NULL),
(378,38,NULL,'2020-07-04 11:00:15'),
(379,39,'2020-07-04 11:00:21',NULL),
(380,40,'2020-07-04 11:03:22',NULL),
(381,39,NULL,'2020-07-04 11:06:38'),
(382,38,NULL,'2020-07-04 11:06:42'),
(383,23,'2020-07-04 12:30:43',NULL),
(384,23,NULL,'2020-07-04 12:31:15'),
(385,23,'2020-07-04 17:08:54',NULL),
(386,9,'2020-07-04 17:13:29',NULL),
(387,31,'2020-07-04 17:25:39',NULL),
(388,11,'2020-07-04 17:27:56',NULL),
(389,31,NULL,'2020-07-04 17:33:23'),
(390,11,NULL,'2020-07-04 17:33:23'),
(391,37,'2020-07-04 17:33:28',NULL),
(392,11,'2020-07-04 17:35:53',NULL),
(393,31,'2020-07-04 17:55:08',NULL),
(394,23,'2020-07-04 21:31:48',NULL),
(395,38,'2020-07-05 13:55:19',NULL),
(396,38,'2020-07-05 13:55:19',NULL),
(397,38,'2020-07-05 13:57:07',NULL),
(398,43,'2020-07-05 14:01:06',NULL),
(399,23,'2020-07-05 15:05:04',NULL),
(400,44,'2020-07-05 16:49:06',NULL),
(401,44,'2020-07-05 16:49:06',NULL),
(402,44,'2020-07-05 16:49:06',NULL),
(403,44,'2020-07-05 16:49:06',NULL),
(404,44,'2020-07-05 16:49:06',NULL),
(405,44,'2020-07-05 16:49:06',NULL),
(406,44,'2020-07-05 16:49:06',NULL),
(407,44,'2020-07-05 16:51:34',NULL),
(408,44,'2020-07-05 16:51:34',NULL),
(409,44,'2020-07-05 16:51:34',NULL),
(410,44,'2020-07-05 16:51:34',NULL),
(411,44,'2020-07-05 16:51:34',NULL),
(412,44,'2020-07-05 16:51:34',NULL),
(413,44,'2020-07-05 16:53:21',NULL),
(414,44,NULL,'2020-07-05 16:54:35'),
(415,9,'2020-07-05 21:38:15',NULL),
(416,46,'2020-07-05 21:40:30',NULL),
(417,33,'2020-07-06 06:41:13',NULL),
(418,33,NULL,'2020-07-06 06:42:03'),
(419,37,'2020-07-06 06:42:12',NULL),
(420,33,'2020-07-06 06:42:14',NULL),
(421,33,'2020-07-06 06:45:05',NULL),
(422,44,'2020-07-06 07:02:04',NULL),
(423,45,'2020-07-06 07:05:06',NULL),
(424,37,'2020-07-06 07:05:27',NULL),
(425,37,'2020-07-06 07:05:27',NULL),
(426,37,'2020-07-06 07:06:13',NULL),
(427,37,NULL,'2020-07-06 07:06:29'),
(428,33,'2020-07-06 07:06:34',NULL),
(429,33,NULL,'2020-07-06 07:08:15'),
(430,37,'2020-07-06 07:08:20',NULL),
(431,37,NULL,'2020-07-06 07:10:05'),
(432,33,'2020-07-06 07:10:11',NULL),
(433,33,NULL,'2020-07-06 07:11:22'),
(434,37,'2020-07-06 07:11:28',NULL),
(435,37,NULL,'2020-07-06 07:16:39'),
(436,45,'2020-07-06 07:19:32',NULL),
(437,18,'2020-07-06 07:30:48',NULL),
(438,33,NULL,'2020-07-06 07:40:42'),
(439,33,NULL,'2020-07-06 07:40:43'),
(440,33,NULL,'2020-07-06 07:40:43'),
(441,43,'2020-07-06 07:41:06',NULL),
(442,37,NULL,'2020-07-06 07:41:33'),
(443,20,'2020-07-06 07:41:59',NULL),
(444,20,NULL,'2020-07-06 07:48:48'),
(445,20,NULL,'2020-07-06 07:48:48'),
(446,45,'2020-07-06 07:50:46',NULL),
(447,47,'2020-07-06 07:51:21',NULL),
(448,31,'2020-07-06 07:53:48',NULL),
(449,16,'2020-07-06 07:55:30',NULL),
(450,29,'2020-07-06 07:55:51',NULL),
(451,29,NULL,'2020-07-06 07:57:24'),
(452,25,'2020-07-06 07:57:31',NULL),
(453,47,'2020-07-06 08:00:19',NULL),
(454,45,'2020-07-06 08:04:09',NULL),
(455,37,'2020-07-06 08:04:31',NULL),
(456,45,'2020-07-06 08:04:58',NULL),
(457,37,NULL,'2020-07-06 08:05:55'),
(458,45,'2020-07-06 08:05:57',NULL),
(459,37,'2020-07-06 08:07:23',NULL),
(460,45,'2020-07-06 08:07:57',NULL),
(461,17,'2020-07-06 08:10:59',NULL),
(462,45,'2020-07-06 08:17:19',NULL),
(463,33,'2020-07-06 08:20:08',NULL),
(464,45,'2020-07-06 08:20:27',NULL),
(465,43,NULL,'2020-07-06 08:22:01'),
(466,33,'2020-07-06 08:22:07',NULL),
(467,28,'2020-07-06 08:41:59',NULL),
(468,28,NULL,'2020-07-06 08:42:33'),
(469,28,'2020-07-06 08:42:38',NULL),
(470,28,NULL,'2020-07-06 08:42:47'),
(471,28,'2020-07-06 08:43:24',NULL),
(472,28,NULL,'2020-07-06 08:44:10'),
(473,28,'2020-07-06 08:45:06',NULL),
(474,28,NULL,'2020-07-06 08:45:28'),
(475,28,'2020-07-06 08:45:45',NULL),
(476,39,'2020-07-06 08:46:11',NULL),
(477,25,'2020-07-06 08:47:59',NULL),
(478,47,'2020-07-06 08:48:59',NULL),
(479,31,'2020-07-06 08:55:09',NULL),
(480,25,NULL,'2020-07-06 08:56:20'),
(481,25,'2020-07-06 08:56:45',NULL),
(482,47,NULL,'2020-07-06 08:59:08'),
(483,47,'2020-07-06 08:59:17',NULL),
(484,45,'2020-07-06 09:03:06',NULL),
(485,25,'2020-07-06 09:10:54',NULL),
(486,43,'2020-07-06 09:43:28',NULL),
(487,45,'2020-07-06 09:44:15',NULL),
(488,45,'2020-07-06 10:04:45',NULL),
(489,45,'2020-07-06 10:20:17',NULL),
(490,45,'2020-07-06 10:46:37',NULL),
(491,23,'2020-07-06 10:48:28',NULL),
(492,45,'2020-07-06 10:55:40',NULL),
(493,44,'2020-07-06 11:15:56',NULL),
(494,45,'2020-07-06 11:22:54',NULL),
(495,45,'2020-07-06 11:39:33',NULL),
(496,47,NULL,'2020-07-06 12:08:49'),
(497,39,'2020-07-06 12:08:54',NULL),
(498,39,NULL,'2020-07-06 12:35:38'),
(499,45,'2020-07-06 13:24:00',NULL),
(500,45,'2020-07-06 13:44:19',NULL),
(501,45,'2020-07-06 14:03:10',NULL),
(502,45,'2020-07-06 14:11:13',NULL),
(503,45,'2020-07-06 14:14:05',NULL),
(504,47,'2020-07-06 14:14:06',NULL),
(505,45,'2020-07-06 14:18:46',NULL),
(506,43,'2020-07-06 14:20:12',NULL),
(507,45,'2020-07-06 14:32:10',NULL),
(508,23,'2020-07-06 15:03:15',NULL),
(509,23,NULL,'2020-07-06 15:04:15'),
(510,23,'2020-07-06 15:04:24',NULL),
(511,45,'2020-07-06 15:06:07',NULL),
(512,45,'2020-07-06 15:11:55',NULL),
(513,23,NULL,'2020-07-06 15:15:19'),
(514,23,'2020-07-06 15:16:22',NULL),
(515,45,'2020-07-06 15:22:45',NULL),
(516,45,'2020-07-06 15:26:20',NULL),
(517,43,NULL,'2020-07-06 15:26:23'),
(518,39,'2020-07-06 15:27:14',NULL),
(519,43,'2020-07-06 15:27:38',NULL),
(520,25,NULL,'2020-07-06 15:31:58'),
(521,17,NULL,'2020-07-06 15:43:53'),
(522,18,NULL,'2020-07-06 16:03:44'),
(523,39,'2020-07-06 18:33:50',NULL),
(524,39,NULL,'2020-07-06 18:35:17'),
(525,23,'2020-07-06 20:25:10',NULL),
(526,23,'2020-07-06 20:27:26',NULL),
(527,44,NULL,'2020-07-06 21:30:48'),
(528,18,'2020-07-07 07:36:55',NULL),
(529,29,'2020-07-07 07:50:37',NULL),
(530,25,'2020-07-07 07:58:04',NULL),
(531,17,'2020-07-07 08:01:33',NULL),
(532,16,'2020-07-07 08:04:21',NULL),
(533,44,'2020-07-07 08:13:52',NULL),
(534,45,'2020-07-07 08:13:59',NULL),
(535,43,'2020-07-07 08:17:10',NULL),
(536,47,'2020-07-07 08:17:27',NULL),
(537,31,'2020-07-07 08:27:42',NULL),
(538,43,'2020-07-07 08:53:43',NULL),
(539,20,'2020-07-07 08:58:30',NULL),
(540,20,NULL,'2020-07-07 08:58:52'),
(541,20,'2020-07-07 08:59:07',NULL),
(542,25,'2020-07-07 09:07:37',NULL),
(543,45,'2020-07-07 09:14:01',NULL),
(544,43,'2020-07-07 09:37:30',NULL),
(545,47,'2020-07-07 09:42:54',NULL),
(546,45,'2020-07-07 09:56:52',NULL),
(547,25,'2020-07-07 10:36:45',NULL),
(548,25,'2020-07-07 10:37:16',NULL),
(549,43,'2020-07-07 10:38:10',NULL),
(550,47,'2020-07-07 10:54:08',NULL),
(551,25,'2020-07-07 11:08:06',NULL),
(552,25,'2020-07-07 11:12:41',NULL),
(553,47,'2020-07-07 11:22:04',NULL),
(554,39,'2020-07-07 12:08:24',NULL),
(555,25,'2020-07-07 12:23:48',NULL),
(556,25,'2020-07-07 12:28:07',NULL),
(557,24,'2020-07-07 13:04:47',NULL),
(558,24,NULL,'2020-07-07 13:07:00'),
(559,24,'2020-07-07 13:07:05',NULL),
(560,43,'2020-07-07 14:03:00',NULL),
(561,45,'2020-07-07 14:05:27',NULL),
(562,44,NULL,'2020-07-07 14:06:13'),
(563,44,'2020-07-07 14:06:18',NULL),
(564,44,NULL,'2020-07-07 14:06:29'),
(565,44,'2020-07-07 14:06:34',NULL),
(566,40,'2020-07-07 14:06:37',NULL),
(567,45,'2020-07-07 14:07:42',NULL),
(568,45,'2020-07-07 14:13:22',NULL),
(569,45,'2020-07-07 14:15:24',NULL),
(570,45,'2020-07-07 14:20:12',NULL),
(571,45,'2020-07-07 14:25:32',NULL),
(572,45,'2020-07-07 14:28:30',NULL),
(573,45,'2020-07-07 14:32:14',NULL),
(574,45,'2020-07-07 14:38:26',NULL),
(575,45,'2020-07-07 14:42:42',NULL),
(576,45,'2020-07-07 14:46:02',NULL),
(577,45,'2020-07-07 14:46:52',NULL),
(578,45,'2020-07-07 14:50:34',NULL),
(579,45,'2020-07-07 15:00:07',NULL),
(580,23,'2020-07-07 15:05:54',NULL),
(581,45,'2020-07-07 15:08:26',NULL),
(582,48,'2020-07-07 15:11:38',NULL),
(583,25,'2020-07-07 15:12:06',NULL),
(584,45,'2020-07-07 15:17:54',NULL),
(585,45,'2020-07-07 15:20:24',NULL),
(586,45,'2020-07-07 15:31:02',NULL),
(587,18,NULL,'2020-07-07 15:34:50'),
(588,17,NULL,'2020-07-07 15:35:41'),
(589,45,'2020-07-07 15:39:44',NULL),
(590,45,'2020-07-07 15:47:35',NULL),
(591,23,'2020-07-07 19:08:18',NULL),
(592,22,NULL,'2020-07-07 20:55:34'),
(593,22,'2020-07-07 20:55:46',NULL),
(594,23,'2020-07-07 21:49:52',NULL),
(595,23,NULL,'2020-07-07 21:54:22'),
(596,16,'2020-07-08 07:16:20',NULL),
(597,25,'2020-07-08 07:36:12',NULL),
(598,45,'2020-07-08 07:45:09',NULL),
(599,18,'2020-07-08 07:45:26',NULL),
(600,45,'2020-07-08 07:51:36',NULL),
(601,40,'2020-07-08 07:53:43',NULL),
(602,25,'2020-07-08 07:56:32',NULL),
(603,25,'2020-07-08 07:56:43',NULL),
(604,45,'2020-07-08 07:57:51',NULL),
(605,47,'2020-07-08 07:59:46',NULL),
(606,45,'2020-07-08 08:01:57',NULL),
(607,17,'2020-07-08 08:06:20',NULL),
(608,45,'2020-07-08 08:07:41',NULL),
(609,45,'2020-07-08 08:09:27',NULL),
(610,25,'2020-07-08 08:11:31',NULL),
(611,45,'2020-07-08 08:25:12',NULL),
(612,16,'2020-07-08 08:27:01',NULL),
(613,16,'2020-07-08 08:28:34',NULL),
(614,16,'2020-07-08 08:31:28',NULL),
(615,45,'2020-07-08 09:08:03',NULL),
(616,45,'2020-07-08 09:09:20',NULL),
(617,18,NULL,'2020-07-08 09:20:31'),
(618,18,'2020-07-08 09:20:37',NULL),
(619,45,'2020-07-08 09:23:55',NULL),
(620,45,'2020-07-08 11:14:46',NULL),
(621,45,'2020-07-08 11:19:55',NULL),
(622,45,'2020-07-08 11:24:36',NULL),
(623,45,'2020-07-08 11:39:47',NULL),
(624,45,'2020-07-08 11:53:13',NULL),
(625,48,'2020-07-08 11:53:48',NULL),
(626,45,'2020-07-08 12:00:44',NULL),
(627,45,'2020-07-08 12:04:11',NULL),
(628,45,'2020-07-08 12:14:30',NULL),
(629,23,'2020-07-08 12:17:21',NULL),
(630,45,'2020-07-08 12:20:13',NULL),
(631,45,'2020-07-08 12:27:32',NULL),
(632,45,'2020-07-08 12:30:26',NULL),
(633,45,'2020-07-08 12:30:28',NULL),
(634,45,'2020-07-08 12:30:28',NULL),
(635,45,'2020-07-08 12:34:35',NULL),
(636,45,'2020-07-08 12:34:35',NULL),
(637,45,'2020-07-08 12:34:35',NULL),
(638,45,'2020-07-08 13:30:18',NULL),
(639,45,'2020-07-08 13:46:04',NULL),
(640,45,'2020-07-08 13:49:14',NULL),
(641,44,'2020-07-08 14:09:58',NULL),
(642,45,'2020-07-08 15:16:00',NULL),
(643,20,'2020-07-08 15:29:06',NULL),
(644,45,'2020-07-08 15:34:10',NULL),
(645,48,'2020-07-08 15:37:00',NULL),
(646,48,NULL,'2020-07-08 15:37:46'),
(647,48,'2020-07-08 15:37:56',NULL),
(648,48,'2020-07-08 15:38:37',NULL),
(649,48,NULL,'2020-07-08 15:38:50'),
(650,48,'2020-07-08 15:38:57',NULL),
(651,45,'2020-07-08 15:39:23',NULL),
(652,17,NULL,'2020-07-08 15:45:46'),
(653,8,'2020-07-08 15:45:53',NULL),
(654,18,NULL,'2020-07-08 15:46:22'),
(655,45,'2020-07-08 15:47:11',NULL),
(656,18,'2020-07-08 15:51:57',NULL),
(657,45,'2020-07-08 15:52:40',NULL),
(658,16,'2020-07-08 15:54:17',NULL),
(659,23,'2020-07-08 18:23:49',NULL),
(660,45,'2020-07-08 18:56:55',NULL),
(661,23,'2020-07-08 21:45:51',NULL),
(662,23,'2020-07-08 21:48:54',NULL),
(663,23,NULL,'2020-07-08 22:35:11'),
(664,25,'2020-07-09 07:36:59',NULL),
(665,25,'2020-07-09 07:37:45',NULL),
(666,18,NULL,'2020-07-09 07:41:35'),
(667,44,'2020-07-09 07:56:18',NULL),
(668,45,'2020-07-09 07:57:33',NULL),
(669,45,NULL,'2020-07-09 07:57:35'),
(670,18,'2020-07-09 07:57:48',NULL),
(671,43,'2020-07-09 07:58:26',NULL),
(672,40,'2020-07-09 08:00:31',NULL),
(673,16,'2020-07-09 08:02:55',NULL),
(674,17,'2020-07-09 08:07:07',NULL),
(675,23,'2020-07-09 08:14:49',NULL);

/*Table structure for table `campamento` */

DROP TABLE IF EXISTS `campamento`;

CREATE TABLE `campamento` (
  `id` int(11) unsigned NOT NULL AUTO_INCREMENT,
  `nombre` varchar(100) DEFAULT NULL,
  `direccion` varchar(100) DEFAULT NULL,
  PRIMARY KEY (`id`)
) ENGINE=InnoDB AUTO_INCREMENT=5 DEFAULT CHARSET=latin1;

/*Data for the table `campamento` */

insert  into `campamento`(`id`,`nombre`,`direccion`) values 
(1,'Cipresales Z.6',NULL),
(2,'Colonia Maya Z.18',NULL),
(3,'Ineb Z.21',NULL),
(4,'Zona 7',NULL);

/*Table structure for table `categoria` */

DROP TABLE IF EXISTS `categoria`;

CREATE TABLE `categoria` (
  `id` int(11) unsigned NOT NULL AUTO_INCREMENT,
  `nombre` varchar(200) DEFAULT NULL,
  `descripcion` varchar(200) DEFAULT NULL,
  PRIMARY KEY (`id`)
) ENGINE=InnoDB AUTO_INCREMENT=5 DEFAULT CHARSET=latin1;

/*Data for the table `categoria` */

insert  into `categoria`(`id`,`nombre`,`descripcion`) values 
(1,'Referencia inicial de síntomas por parte de paciente',NULL),
(2,'Referencia incial de síntomas por parte del personal auxiliar',NULL),
(3,'Referencia de enfermedades asociadas',NULL),
(4,'Referencia a alergia a medicamentos','Es alérgico o tiene contraindicación médica a los siguientes medicamentos:');

/*Table structure for table `clasificacion` */

DROP TABLE IF EXISTS `clasificacion`;

CREATE TABLE `clasificacion` (
  `id` int(11) unsigned NOT NULL AUTO_INCREMENT,
  `nombre` varchar(200) DEFAULT NULL,
  `descripcion` varchar(200) DEFAULT NULL,
  `color` varchar(100) DEFAULT NULL,
  `orden` int(11) DEFAULT NULL,
  PRIMARY KEY (`id`)
) ENGINE=InnoDB AUTO_INCREMENT=5 DEFAULT CHARSET=latin1;

/*Data for the table `clasificacion` */

insert  into `clasificacion`(`id`,`nombre`,`descripcion`,`color`,`orden`) values 
(1,'E','Sintomático con signos de alarma con comorbilidades','red darken-1',1),
(2,'A','Sintomático con signos de alarma con comorbilidades','orange darken-1',2),
(3,'B','Sintomático sin signos de alarma sin comorbilidades','yellow darken-1',3),
(4,'C','Paciente con riesgo epidemiológico','green darken-1',4);

/*Table structure for table `clinica` */

DROP TABLE IF EXISTS `clinica`;

CREATE TABLE `clinica` (
  `id` int(11) unsigned NOT NULL AUTO_INCREMENT,
  `numero` int(11) DEFAULT NULL,
  `id_campamento` int(11) unsigned DEFAULT NULL,
  `id_medico` int(11) unsigned DEFAULT NULL,
  `nombre` varchar(100) DEFAULT NULL,
  `ocupada` varchar(1) DEFAULT NULL,
  `id_paciente_asignado` int(11) unsigned DEFAULT NULL,
  PRIMARY KEY (`id`),
  KEY `id_campamento` (`id_campamento`),
  KEY `id_medico` (`id_medico`),
  KEY `id_paciente_asignado` (`id_paciente_asignado`),
  CONSTRAINT `clinica_ibfk_1` FOREIGN KEY (`id_campamento`) REFERENCES `campamento` (`id`),
  CONSTRAINT `clinica_ibfk_2` FOREIGN KEY (`id_medico`) REFERENCES `usuario` (`id`),
  CONSTRAINT `clinica_ibfk_3` FOREIGN KEY (`id_paciente_asignado`) REFERENCES `paciente` (`id`)
) ENGINE=InnoDB AUTO_INCREMENT=11 DEFAULT CHARSET=latin1;

/*Data for the table `clinica` */

insert  into `clinica`(`id`,`numero`,`id_campamento`,`id_medico`,`nombre`,`ocupada`,`id_paciente_asignado`) values 
(4,NULL,2,NULL,'Médico 1',NULL,NULL),
(5,NULL,2,17,'Médico 2','S',230),
(6,NULL,2,18,'Medico 3',NULL,231),
(7,NULL,4,31,'Medico 1',NULL,NULL),
(8,NULL,4,44,'Medico 2',NULL,NULL),
(9,NULL,4,NULL,'Medico 3',NULL,NULL),
(10,NULL,4,NULL,'Medico Presencial',NULL,NULL);

/*Table structure for table `clinica_paciente` */

DROP TABLE IF EXISTS `clinica_paciente`;

CREATE TABLE `clinica_paciente` (
  `id` int(11) unsigned NOT NULL AUTO_INCREMENT,
  `id_clinica` int(11) unsigned DEFAULT NULL,
  `id_paciente` int(11) unsigned DEFAULT NULL,
  `id_medico` int(10) unsigned DEFAULT NULL,
  `created_at` datetime DEFAULT NULL,
  PRIMARY KEY (`id`),
  KEY `id_clinica` (`id_clinica`),
  KEY `id_paciente` (`id_paciente`),
  KEY `id_medico` (`id_medico`),
  CONSTRAINT `clinica_paciente_ibfk_1` FOREIGN KEY (`id_clinica`) REFERENCES `clinica` (`id`),
  CONSTRAINT `clinica_paciente_ibfk_2` FOREIGN KEY (`id_paciente`) REFERENCES `paciente` (`id`),
  CONSTRAINT `clinica_paciente_ibfk_3` FOREIGN KEY (`id_medico`) REFERENCES `usuario` (`id`)
) ENGINE=InnoDB AUTO_INCREMENT=195 DEFAULT CHARSET=latin1;

/*Data for the table `clinica_paciente` */

insert  into `clinica_paciente`(`id`,`id_clinica`,`id_paciente`,`id_medico`,`created_at`) values 
(12,4,45,16,'2020-07-01 09:09:37'),
(13,4,46,16,'2020-07-01 09:28:13'),
(14,4,47,16,'2020-07-01 09:54:14'),
(15,4,48,16,'2020-07-01 11:32:12'),
(16,4,49,16,'2020-07-01 15:59:26'),
(17,6,50,18,'2020-07-01 16:09:05'),
(18,5,51,17,'2020-07-02 08:22:47'),
(19,4,52,16,'2020-07-02 08:42:30'),
(20,6,52,18,'2020-07-02 08:47:00'),
(21,6,53,18,'2020-07-02 08:59:45'),
(22,6,54,18,'2020-07-02 09:19:10'),
(23,5,56,17,'2020-07-02 09:59:15'),
(24,4,55,16,'2020-07-02 10:09:38'),
(25,5,58,17,'2020-07-02 10:44:35'),
(26,4,57,16,'2020-07-02 10:49:47'),
(27,6,59,18,'2020-07-02 10:51:18'),
(28,5,60,17,'2020-07-02 10:58:04'),
(29,4,61,16,'2020-07-02 11:08:01'),
(30,5,62,17,'2020-07-02 11:09:40'),
(31,6,63,18,'2020-07-02 11:15:24'),
(32,4,64,16,'2020-07-02 11:37:51'),
(33,4,65,16,'2020-07-02 12:28:28'),
(34,4,66,16,'2020-07-02 14:02:53'),
(35,6,66,18,'2020-07-03 08:39:08'),
(36,6,67,18,'2020-07-03 08:40:14'),
(37,5,69,17,'2020-07-03 09:03:06'),
(38,4,68,16,'2020-07-03 09:04:18'),
(39,4,70,16,'2020-07-03 10:18:22'),
(40,5,71,17,'2020-07-03 10:25:38'),
(41,5,73,17,'2020-07-03 11:18:41'),
(42,4,72,16,'2020-07-03 11:32:20'),
(43,5,74,17,'2020-07-03 11:41:12'),
(44,6,75,18,'2020-07-03 11:51:27'),
(45,5,77,17,'2020-07-03 12:34:51'),
(46,4,76,16,'2020-07-03 12:48:23'),
(47,4,78,16,'2020-07-03 13:19:34'),
(48,4,79,16,'2020-07-03 13:54:56'),
(49,5,80,17,'2020-07-03 14:17:14'),
(50,5,81,17,'2020-07-03 14:33:45'),
(51,6,83,18,'2020-07-03 14:36:42'),
(52,5,82,17,'2020-07-03 14:50:32'),
(53,4,84,16,'2020-07-03 15:32:19'),
(54,5,86,17,'2020-07-03 16:15:35'),
(55,NULL,87,14,'2020-07-04 09:56:18'),
(56,7,88,37,'2020-07-04 10:20:58'),
(57,7,90,37,'2020-07-06 06:42:20'),
(58,7,89,37,'2020-07-06 06:42:24'),
(59,9,92,44,'2020-07-06 07:08:36'),
(60,NULL,94,31,'2020-07-06 07:54:58'),
(61,NULL,93,31,'2020-07-06 07:55:06'),
(62,NULL,95,37,'2020-07-06 08:07:42'),
(63,7,97,31,'2020-07-06 08:16:35'),
(64,5,98,17,'2020-07-06 08:21:28'),
(65,4,96,16,'2020-07-06 08:37:45'),
(66,7,101,31,'2020-07-06 09:45:44'),
(67,7,100,31,'2020-07-06 09:45:51'),
(68,7,99,31,'2020-07-06 09:45:56'),
(69,7,102,31,'2020-07-06 09:56:18'),
(70,7,104,31,'2020-07-06 10:40:22'),
(71,4,103,16,'2020-07-06 10:46:18'),
(72,5,105,17,'2020-07-06 10:53:13'),
(73,6,106,18,'2020-07-06 11:03:05'),
(74,4,107,16,'2020-07-06 11:13:13'),
(75,5,108,17,'2020-07-06 11:13:57'),
(76,7,109,31,'2020-07-06 11:29:01'),
(77,7,110,31,'2020-07-06 11:45:25'),
(78,8,112,45,'2020-07-06 11:54:08'),
(79,6,114,18,'2020-07-06 12:02:32'),
(80,5,111,17,'2020-07-06 12:05:42'),
(81,5,115,17,'2020-07-06 12:20:21'),
(82,4,113,16,'2020-07-06 12:21:24'),
(83,7,116,31,'2020-07-06 12:35:33'),
(84,8,117,45,'2020-07-06 12:35:33'),
(85,7,118,31,'2020-07-06 13:00:26'),
(86,8,119,45,'2020-07-06 13:00:39'),
(87,5,120,17,'2020-07-06 13:13:29'),
(88,8,121,45,'2020-07-06 13:35:55'),
(89,9,122,44,'2020-07-06 13:49:55'),
(90,4,123,16,'2020-07-06 14:17:21'),
(91,5,124,17,'2020-07-06 14:25:40'),
(92,5,125,17,'2020-07-06 14:56:25'),
(93,9,128,44,'2020-07-06 15:28:53'),
(94,7,127,31,'2020-07-06 15:31:30'),
(95,8,129,45,'2020-07-06 15:43:48'),
(96,5,131,17,'2020-07-07 08:25:16'),
(97,4,130,16,'2020-07-07 08:29:14'),
(98,9,129,31,'2020-07-07 08:30:43'),
(99,9,133,31,'2020-07-07 08:31:02'),
(100,4,135,16,'2020-07-07 08:53:35'),
(101,9,133,31,'2020-07-07 09:05:40'),
(102,9,136,31,'2020-07-07 09:05:48'),
(103,4,139,16,'2020-07-07 09:13:24'),
(104,9,134,31,'2020-07-07 09:22:19'),
(105,9,137,31,'2020-07-07 09:36:38'),
(106,9,140,31,'2020-07-07 09:47:55'),
(107,9,138,31,'2020-07-07 10:03:43'),
(108,4,141,16,'2020-07-07 10:13:45'),
(109,5,144,17,'2020-07-07 10:16:45'),
(110,9,142,31,'2020-07-07 10:17:38'),
(111,9,143,31,'2020-07-07 10:43:50'),
(112,9,145,31,'2020-07-07 10:57:15'),
(113,5,146,17,'2020-07-07 10:57:44'),
(114,4,148,16,'2020-07-07 11:04:25'),
(115,6,147,18,'2020-07-07 11:07:51'),
(116,9,149,31,'2020-07-07 11:17:41'),
(117,5,151,17,'2020-07-07 11:19:27'),
(118,6,153,18,'2020-07-07 11:22:29'),
(119,4,150,16,'2020-07-07 11:23:45'),
(120,5,155,17,'2020-07-07 11:35:37'),
(121,9,152,31,'2020-07-07 11:38:46'),
(122,6,159,18,'2020-07-07 11:44:34'),
(123,5,161,17,'2020-07-07 11:46:57'),
(124,4,158,16,'2020-07-07 11:51:05'),
(125,9,154,31,'2020-07-07 12:06:02'),
(126,9,156,31,'2020-07-07 12:22:33'),
(127,9,157,31,'2020-07-07 12:36:37'),
(128,5,163,17,'2020-07-07 12:48:17'),
(129,5,166,17,'2020-07-07 12:57:06'),
(130,6,165,18,'2020-07-07 12:59:37'),
(131,9,160,31,'2020-07-07 13:00:25'),
(132,4,164,16,'2020-07-07 13:03:31'),
(133,5,167,17,'2020-07-07 13:12:46'),
(134,9,162,31,'2020-07-07 13:20:53'),
(135,5,169,17,'2020-07-07 13:39:05'),
(136,4,168,16,'2020-07-07 13:42:14'),
(137,6,170,18,'2020-07-07 14:17:04'),
(138,6,171,18,'2020-07-07 14:40:19'),
(139,7,172,31,'2020-07-07 15:00:53'),
(140,4,173,16,'2020-07-07 15:12:26'),
(141,8,175,45,'2020-07-08 08:20:17'),
(142,7,174,31,'2020-07-08 08:27:20'),
(143,6,177,18,'2020-07-08 08:44:49'),
(144,5,176,17,'2020-07-08 08:44:55'),
(145,4,178,16,'2020-07-08 09:22:04'),
(146,7,179,31,'2020-07-08 09:37:06'),
(147,8,182,45,'2020-07-08 09:47:52'),
(148,4,180,16,'2020-07-08 10:02:05'),
(149,7,181,31,'2020-07-08 10:03:51'),
(150,8,183,45,'2020-07-08 10:05:58'),
(151,5,185,17,'2020-07-08 10:26:40'),
(152,7,184,31,'2020-07-08 10:38:20'),
(153,8,186,45,'2020-07-08 10:56:19'),
(154,4,187,16,'2020-07-08 11:07:19'),
(155,5,188,17,'2020-07-08 11:19:27'),
(156,6,189,18,'2020-07-08 11:32:00'),
(157,7,190,31,'2020-07-08 11:40:04'),
(158,5,193,17,'2020-07-08 11:40:13'),
(159,4,191,16,'2020-07-08 11:41:40'),
(160,6,194,18,'2020-07-08 11:47:11'),
(161,7,192,31,'2020-07-08 11:54:53'),
(162,5,195,17,'2020-07-08 12:03:01'),
(163,5,198,17,'2020-07-08 12:34:45'),
(164,4,197,16,'2020-07-08 12:36:24'),
(165,7,199,31,'2020-07-08 12:51:41'),
(166,8,200,45,'2020-07-08 13:02:57'),
(167,5,202,17,'2020-07-08 13:17:11'),
(168,4,201,16,'2020-07-08 13:22:16'),
(169,5,204,17,'2020-07-08 13:27:20'),
(170,6,203,18,'2020-07-08 13:30:13'),
(171,5,206,17,'2020-07-08 13:38:40'),
(172,4,205,16,'2020-07-08 13:49:13'),
(173,5,207,17,'2020-07-08 13:56:18'),
(174,6,208,18,'2020-07-08 14:01:18'),
(175,8,211,45,'2020-07-08 14:06:31'),
(176,4,209,16,'2020-07-08 14:16:10'),
(177,5,210,17,'2020-07-08 14:20:45'),
(178,8,212,45,'2020-07-08 14:20:49'),
(179,7,213,31,'2020-07-08 14:44:05'),
(180,4,214,16,'2020-07-08 15:12:46'),
(181,9,217,44,'2020-07-08 15:16:00'),
(182,5,215,17,'2020-07-08 15:25:24'),
(183,7,216,31,'2020-07-08 15:27:13'),
(184,4,218,16,'2020-07-08 15:49:37'),
(185,NULL,220,18,'2020-07-08 16:08:28'),
(186,7,219,31,'2020-07-08 17:01:53'),
(187,5,222,17,'2020-07-09 08:24:26'),
(188,4,221,16,'2020-07-09 08:26:48'),
(189,6,223,18,'2020-07-09 08:28:21'),
(190,5,224,17,'2020-07-09 08:39:03'),
(191,5,227,17,'2020-07-09 08:40:47'),
(192,6,226,18,'2020-07-09 08:58:30'),
(193,4,225,16,'2020-07-09 09:00:27'),
(194,4,228,16,'2020-07-09 09:44:41');

/*Table structure for table `estado` */

DROP TABLE IF EXISTS `estado`;

CREATE TABLE `estado` (
  `id` int(11) unsigned NOT NULL AUTO_INCREMENT,
  `nombre` varchar(100) DEFAULT NULL,
  `color` varchar(50) DEFAULT NULL,
  `icono` varchar(50) DEFAULT NULL,
  PRIMARY KEY (`id`)
) ENGINE=InnoDB AUTO_INCREMENT=8 DEFAULT CHARSET=latin1;

/*Data for the table `estado` */

insert  into `estado`(`id`,`nombre`,`color`,`icono`) values 
(1,'Petriaje','grey darken-1',NULL),
(2,'A Consulta','orange darken 1',NULL),
(3,'Atendido','green darken-1',NULL),
(4,'Medicina Despachada','cyan darken-1',NULL),
(5,'Hospitalización','red darken-1',NULL),
(6,'Atendiendo',NULL,NULL),
(7,'Ausente',NULL,NULL);

/*Table structure for table `menu` */

DROP TABLE IF EXISTS `menu`;

CREATE TABLE `menu` (
  `id` int(11) unsigned NOT NULL AUTO_INCREMENT,
  `nombre` varchar(200) DEFAULT NULL,
  `url` varchar(100) DEFAULT NULL,
  `icono` varchar(100) DEFAULT NULL,
  PRIMARY KEY (`id`)
) ENGINE=InnoDB AUTO_INCREMENT=4 DEFAULT CHARSET=latin1;

/*Data for the table `menu` */

insert  into `menu`(`id`,`nombre`,`url`,`icono`) values 
(1,'Registro de Pacientes','pacientes','mdi-medical-bag'),
(2,'Consulta de Pacientes','pacientes','mdi-medical-bag'),
(3,'Control de Colas','control_colas','mdi-clock-outline');

/*Table structure for table `menu_rol` */

DROP TABLE IF EXISTS `menu_rol`;

CREATE TABLE `menu_rol` (
  `id` int(11) unsigned NOT NULL AUTO_INCREMENT,
  `id_rol` int(11) unsigned DEFAULT NULL,
  `id_menu` int(11) unsigned DEFAULT NULL,
  PRIMARY KEY (`id`),
  KEY `id_rol` (`id_rol`),
  KEY `id_menu` (`id_menu`),
  CONSTRAINT `menu_rol_ibfk_1` FOREIGN KEY (`id_rol`) REFERENCES `rol` (`id`),
  CONSTRAINT `menu_rol_ibfk_2` FOREIGN KEY (`id_menu`) REFERENCES `menu` (`id`)
) ENGINE=InnoDB AUTO_INCREMENT=6 DEFAULT CHARSET=latin1;

/*Data for the table `menu_rol` */

insert  into `menu_rol`(`id`,`id_rol`,`id_menu`) values 
(1,1,1),
(2,2,2),
(3,4,2),
(4,1,3),
(5,3,2);

/*Table structure for table `paciente` */

DROP TABLE IF EXISTS `paciente`;

CREATE TABLE `paciente` (
  `id` int(11) unsigned NOT NULL AUTO_INCREMENT,
  `nombre` varchar(200) DEFAULT NULL,
  `apellido` varchar(200) DEFAULT NULL,
  `dpi` varchar(50) DEFAULT NULL,
  `genero` varchar(1) DEFAULT NULL,
  `fecha_nacimiento` date DEFAULT NULL,
  `edad` int(11) DEFAULT NULL,
  `direccion` varchar(200) DEFAULT NULL,
  `colonia` varchar(200) DEFAULT NULL,
  `zona` int(11) DEFAULT NULL,
  `afiliacion_igss` varchar(100) DEFAULT NULL,
  `observaciones` varchar(4000) DEFAULT NULL,
  `id_campamento` int(11) unsigned DEFAULT NULL,
  `registrado_por` int(11) unsigned DEFAULT NULL,
  `correlativo` int(11) DEFAULT NULL,
  `id_estado` int(11) unsigned DEFAULT NULL,
  `created_at` datetime DEFAULT NULL,
  `updated_at` datetime DEFAULT NULL,
  `segundo_nombre` varchar(200) DEFAULT NULL,
  `segundo_apellido` varchar(200) DEFAULT NULL,
  `toma_temperatura` varchar(100) DEFAULT NULL,
  `calle` varchar(100) DEFAULT NULL,
  `avenida` varchar(100) DEFAULT NULL,
  `nomenclatura` varchar(100) DEFAULT NULL,
  `barrio` varchar(100) DEFAULT NULL,
  `observaciones_direccion` varchar(4000) DEFAULT NULL,
  `contacto_paciente_positivo` varchar(1) DEFAULT NULL,
  `cuanto_tiempo_contacto` varchar(1000) DEFAULT NULL,
  `por_cuanto_tiempo_contacto` varchar(1000) DEFAULT NULL,
  `vive_mismo_lugar` varchar(1) DEFAULT NULL,
  `atencion_sin_equipo` varchar(1) DEFAULT NULL,
  `numero_contacto` varchar(25) DEFAULT NULL,
  `id_clasificacion` int(11) unsigned DEFAULT NULL,
  `persona_recibe_kit` varchar(200) DEFAULT NULL,
  `comentarios_entrega_kit` varchar(4000) DEFAULT NULL,
  PRIMARY KEY (`id`),
  KEY `id_campamento` (`id_campamento`),
  KEY `registrado_por` (`registrado_por`),
  KEY `id_estado` (`id_estado`),
  KEY `id_clasificacion` (`id_clasificacion`),
  CONSTRAINT `paciente_ibfk_1` FOREIGN KEY (`id_campamento`) REFERENCES `campamento` (`id`),
  CONSTRAINT `paciente_ibfk_2` FOREIGN KEY (`registrado_por`) REFERENCES `usuario` (`id`),
  CONSTRAINT `paciente_ibfk_3` FOREIGN KEY (`id_estado`) REFERENCES `estado` (`id`),
  CONSTRAINT `paciente_ibfk_4` FOREIGN KEY (`id_clasificacion`) REFERENCES `clasificacion` (`id`)
) ENGINE=InnoDB AUTO_INCREMENT=233 DEFAULT CHARSET=latin1;

/*Data for the table `paciente` */

insert  into `paciente`(`id`,`nombre`,`apellido`,`dpi`,`genero`,`fecha_nacimiento`,`edad`,`direccion`,`colonia`,`zona`,`afiliacion_igss`,`observaciones`,`id_campamento`,`registrado_por`,`correlativo`,`id_estado`,`created_at`,`updated_at`,`segundo_nombre`,`segundo_apellido`,`toma_temperatura`,`calle`,`avenida`,`nomenclatura`,`barrio`,`observaciones_direccion`,`contacto_paciente_positivo`,`cuanto_tiempo_contacto`,`por_cuanto_tiempo_contacto`,`vive_mismo_lugar`,`atencion_sin_equipo`,`numero_contacto`,`id_clasificacion`,`persona_recibe_kit`,`comentarios_entrega_kit`) values 
(44,'aracely','ortiz','','F','1968-05-14',60,NULL,'',18,'','',2,10,11,7,'2020-07-01 08:34:04','2020-07-01 08:34:10','','','','','','','','','','','','','','',NULL,NULL,NULL),
(45,'Eliu','Mazariegos','2402638120503','M','1968-10-09',42,NULL,'villa hermosa',7,'','',2,10,12,3,'2020-07-01 08:47:00','2020-07-01 09:09:37','','','36.8','','','','','','S','10 dias','un dia','','','197814',NULL,NULL,NULL),
(46,'Agusto','contreras','','M','1983-11-05',65,NULL,'',18,'','',2,15,13,3,'2020-07-01 09:04:07','2020-07-01 09:28:13','Alfonso','Castañaeda','','','','','','','','','','','','',NULL,NULL,NULL),
(47,'Yonatan','Zalasar','2640501500101','M','1987-10-29',33,NULL,'Barrio San Antonio',6,'','viene a consulta principalmente por problemas gástricos,  ',2,10,14,3,'2020-07-01 09:21:11','2020-07-01 09:54:14','Alexander','Figueroa','36.3','','','','','','','','','','','40535313',NULL,NULL,NULL),
(48,'Vilma','Alvarado ','2586951450101','F','1963-07-01',57,NULL,'Maya',18,'','refiera que su hijo, perdio el gusto y el olfato y el dia de ayer empezo a sentir de nuevo, viene por temor a empezar a padecer los sintomas que tiene su hijo ',2,10,15,3,'2020-07-01 11:12:25','2020-07-01 11:32:12','Noelia','Sandoval','36.7','','','lote 88, manzana 25','','','','','','','','59527808',NULL,NULL,NULL),
(49,'Luis ','Alvarez ','2653880740101','M','1963-10-10',56,'','El Prado ',18,'','Ppm 113, spo2 35, cianosis en ambas manos, taquipnea, 4 dias de evolucion, se dessconoce si tuvo contacto con un covid positivo',2,15,16,3,'2020-07-01 11:23:12','2020-07-01 15:59:26','Romeo ','Hurtarte','36.2','Sector 1','','Manzana T Casa 28','','','','','','','','32316701',NULL,NULL,NULL),
(50,'Hugo','Garcia ','2163930430101','M','1969-08-23',51,NULL,'carolingia',6,'','paciente por cefalea',2,21,17,3,'2020-07-01 14:12:45','2020-07-01 16:09:05','Rene','Hernandez','36.5','casa 249','','sector 1','mixco','','','','','','','58459268',NULL,NULL,NULL),
(51,'jjj','dd','44484684884','F','2020-12-10',58,NULL,'',3,'','',2,10,8,3,'2020-07-02 07:38:45','2020-07-02 08:22:47','','','','','','','','','','','','','','',NULL,NULL,NULL),
(52,'joaquin','Mayen','1739874510101','M','1974-06-03',46,NULL,'San Rafael I',18,'','alérgico a quinolonas, su esposa empezó con síntomas semanas antes. actualmente se encuentra bien .',2,10,9,3,'2020-07-02 08:12:52','2020-07-02 08:47:00','Arturo','Charpeton','36.7','8','','8-13','','','','','','','','51222070',3,NULL,NULL),
(53,'Kari ','Cruz','2419859350101','F','1982-11-24',37,NULL,'Colonia Maya',18,'','paciente refiere dolor en el pecho y perdio el sentido del olfato.',2,15,10,3,'2020-07-02 08:20:10','2020-07-02 08:59:45','Isaura','Lara','36.4','','','Lote 6','','','','','','','','41219497',3,NULL,NULL),
(54,'Julio','Morales','2132192040101','M','1992-05-16',28,NULL,'Maya',18,'2132192040101','indica que trabaja como repartidor de medicamento, y ayer empezó a sentirse mal de salud, según indica que sentía su cuerpo caliente pero los termómetros no le marcaron pico febril. p/a: 137/77 pulso 114.',2,10,11,3,'2020-07-02 08:56:37','2020-07-02 09:19:10','Rene','Jimenez','36.5','','','lote 635, Manzana 19','','','','','','','','56132493',NULL,NULL,NULL),
(55,'Florinda','Lara','2201836192214','F','1957-04-05',63,NULL,'La Joya',18,'','paciente nos indica no presentar ningún sintoma solo viene a un chequeo para descartar cualquier enfermedad.',2,15,12,3,'2020-07-02 09:30:55','2020-07-02 10:09:38','Estela','Jimenez','36.2','Manzana 1 Lote 6 La Joya','','','','','','','','','','41219497',NULL,NULL,NULL),
(56,'Blanca','Pec','2659607380101','F','1965-03-03',55,NULL,'Estancia',18,'2659607380101','p/a: 139/87 pulso 71, presenta de forma esporádica problemas para respirar y cansancio segun indica lo ha tenido desde que empezo con problemas de la tiroides',2,10,13,3,'2020-07-02 09:36:04','2020-07-02 09:59:15','Estela','Salvador','36.5','','','Callejon la Escuelita','','','','','','','','59700802',4,NULL,NULL),
(57,'Marlyn','Pineda','cui 3542295750101','F','2005-03-10',15,NULL,'',18,'','su hermana empezo con síntomas mas de una semana. ',2,10,14,3,'2020-07-02 10:26:42','2020-07-02 10:49:47','Regina','Lemus','37.1','','','lote 4, callejon Mayen Kilometro 13.5 al Atlantico ','','','','','','','','43480409',3,NULL,NULL),
(58,'Mirna','Lemus','2589942150601','F','1971-09-19',48,NULL,' Lo de Rodriguez',18,'','paciente refiere haber tenido gripe',2,15,15,4,'2020-07-02 10:27:44','2020-07-02 17:41:38','Lizett','Siguina','37.1','Lote 4 Callejon Mayen Kilometro 13.5 Atlantico','','','','','','','','','','43480409',2,NULL,NULL),
(59,'Karla','Pellecer','1594765500101','F','1983-10-15',36,NULL,'Face I, canaan ',18,'1594765500101','indica que en su trabajo dos compañeros dieron positivos, y se transporta en taxi.',2,10,16,4,'2020-07-02 10:33:50','2020-07-03 17:22:31','Gabriela','Pec','36.5','','','lote 8, Manzana w, ','','','S','hace 15 dias','','','','',2,NULL,NULL),
(60,'Rocio','Rodriguez','','F','2007-10-07',12,NULL,'Maya',18,'','paciente refiere haber tenido fiebre, dolor de garganta  y dolor de cuerpo.',2,15,17,4,'2020-07-02 10:40:19','2020-07-03 17:22:43','Montserrat','Estrada','36.4','Lote 19 Mnazana 27 A','','','','','','','','','','',3,NULL,NULL),
(61,'Lesvia ','Estrada','2347857400208','F','1977-11-20',42,NULL,'Maya',18,'','paciente refiere dolor en garganta y tos.',2,15,18,4,'2020-07-02 10:46:44','2020-07-03 17:22:51','Etelvina','Beltran','36.6','Lote 19 Manzana 27 A','','','','','','','','','','57598246',3,NULL,NULL),
(62,'Alex','Peinado','2844419450101','M','1995-06-02',25,NULL,'el rosario ',18,'2844419450101','pulso: 113 p/a: 120/76, ',2,10,19,4,'2020-07-02 10:57:53','2020-07-03 17:23:01','Eliseo','Palencia','37.1','','','Lote 41 i, ','','','','','','','','54859354',3,NULL,NULL),
(63,'Avi','Hernandez','3017185710101','F','1996-06-12',23,NULL,'Maya',18,'','paciente refiere que a tenido fiebre, dolor de cuerpo, garganta, dolor de cabeza.',2,15,20,4,'2020-07-02 11:00:28','2020-07-03 17:23:14','Karina','Felix','36.2','Sector A','Residenciales Maya','lote 31','','','','','','','','50573333',3,NULL,NULL),
(64,'Martha','Gonzales','1840058760610','F','1957-10-20',63,NULL,'San Rafael Buena Vista',18,'','segun india, presenta sudoración, dolor de espalda, ha tenido diarrea esporadicamente.',2,10,21,4,'2020-07-02 11:11:12','2020-07-03 17:23:22','Lus','Ramos','36.5','','','Lote8, Manzana 22','','','','','','','','',3,NULL,NULL),
(65,'Misael','Giron ','2447342591413','M','1971-11-10',48,NULL,'Prados',18,'2447342591413','hace unos 15 días traslado al hospital a la hermana quien al momento de hacerle la prueba covid salio positiva.',2,10,22,3,'2020-07-02 11:54:19','2020-07-02 12:28:28','Alexander','Lopez','36.5','','','Sector 3, manzan E. Lote9','','','S','16 dis','','','S','22601020',4,NULL,NULL),
(66,'Dinora ','Linares ','1782618150101','F','1983-05-14',37,NULL,'Las Ilusiones ',18,'si','Spo2 97, Ppm 90, refiere molestia respiratoria (presion en el pecho), tos esporadica, la fiebre se la controlado con acetaminofen, ella trabaja en el sistema penitenciario.',2,20,23,3,'2020-07-02 13:33:58','2020-07-03 08:39:08','Maribel ','Arriega ','34','','','Lote 33 Seccion F','','','','','','','','33927108',3,NULL,NULL),
(67,'José','OPllld','2514781585','M','1975-12-10',47,NULL,'',18,'','',2,25,24,3,'2020-07-03 08:07:45','2020-07-03 08:40:14','Perez','dded','','','','','','','','','','','','',NULL,NULL,NULL),
(68,'Paciente  1','prueba','','M','2000-10-30',19,NULL,'',18,'','',2,25,25,3,'2020-07-03 08:48:00','2020-07-03 09:04:18','','','','','','','','','','','','','','',NULL,NULL,NULL),
(69,'Paciente','Prueba','29754331500101','M','1996-04-05',24,'','Ciudad Nueva',2,'No','',2,25,26,3,'2020-07-03 08:48:50','2020-07-03 10:09:00','De','1','36','12 Calle','12 venida A','12-20','','','','','','','','57583344',NULL,NULL,NULL),
(70,'Andrea','Vasquez','2365660160101','F','1979-02-03',39,NULL,'Reformita',8,'','Paciente con flema, indica que ya ha ido con especialista medico y le indicaron que presentaba rinitis. ',2,25,27,3,'2020-07-03 09:44:45','2020-07-03 10:18:22','Noemí','Ciguantay','36.5','','14','36-84','','','','','','','','47103170',NULL,NULL,NULL),
(71,'Jessica','Menocal','1904136890101','F','1988-11-10',32,NULL,'Limón 2',18,'No','',2,25,28,3,'2020-07-03 10:05:38','2020-07-03 10:25:38','Celeste','Monroy','36.6','','','Lote 237','Plano general','Lote 237 Plano general Limon 2 Zona 18, No refiere calle ni avenida.','','','','','','47468466',4,NULL,NULL),
(72,'Edgar','Velasquez','1619005180101','M','1977-01-07',42,NULL,'El Limon ',18,'','Paciente con 117 de frecuencia cardiaca y 88 de oximetria indica cansancio al caminar menos de una cuadra, se ha cansado al hacer sus labores diarias. ',2,25,29,3,'2020-07-03 10:57:46','2020-07-03 11:32:20','David','Estrada','36.3','14 A','','24-27','','','','','','','','47587260',2,NULL,NULL),
(73,'Miguel ','Marroquín','1665439930101','M','1958-11-26',61,'','Paraíso 2',18,'No','Alergias: luz solar.',2,25,30,4,'2020-07-03 11:07:24','2020-07-04 17:09:10','','Rosales','36.4','','25','9-67','','Referencia: Bufete Jurídico Profesional','S','Ultimo día de contacto Domingo 28 de junio 2020','Vive con la persona que actualmente se encuentra en el hospital temporal parque de la industria en resguardo de cuarentena por ser positivo a Covid 19.','S','','55546395',2,NULL,NULL),
(74,'Manuela','Gil ','2572732201805','F','1985-11-21',35,NULL,'Maya ',18,'','Indica que hace dos semanas tuvo contacto con un paciente posible covid en un hospital. ',2,25,31,4,'2020-07-03 11:22:12','2020-07-04 17:09:22','De Jesus ','Santos ','37.4','','','','','Lote 27 manzana 2 colonia Maya ','S','2 semanas ','15 a 20 minutos ','','','59201445',3,NULL,NULL),
(75,'Byron ','Ramirez ','','M','2019-02-01',1,NULL,'Lomas de Santa Faz',18,'','Indican que solo a presentado tos sin dificultad respiratoria. ',2,25,32,4,'2020-07-03 11:36:31','2020-07-07 21:52:31','Steven ','Rante ','36.6','','','','','sector 2 Manzana D Lote 5 ','','','','','','',3,NULL,NULL),
(76,'María ','Salacán','1799136030603','F','1955-09-14',64,NULL,'El Limón',18,'','',2,25,33,4,'2020-07-03 12:10:51','2020-07-05 20:49:24','De la Cruz','Choc de Escobar','36','13 calle \"C\"','','20-67','','','S','12','15 minutos','','','40458797',3,NULL,NULL),
(77,'Katerin','Ramírez ','Menor','F','2017-08-02',3,NULL,'Lomas de Santa Faz',18,'No','',2,25,34,3,'2020-07-03 12:23:34','2020-07-03 12:34:51','Paola','Canté','36.6','','','Lote 5','','Sector 2 Manzana D','','','','','','47096718',3,NULL,NULL),
(78,'Sergio','del cid','2679561260101','M','1995-02-21',25,NULL,'villas',1,'','',2,25,35,3,'2020-07-03 12:57:53','2020-07-03 13:19:34','Rigoberto','martinez','36','lote 3 51','0','3-51','','','S','20 dias','','','S','35306640',2,NULL,NULL),
(79,'Jessica ','Xajap','3008538820101','F','2000-06-11',20,NULL,'Maya ',18,'3008538820101','Perdida del olfato, frecuencia cardiaca de 115 ',2,25,36,3,'2020-07-03 13:19:53','2020-07-03 13:54:56','Paola ','Ajcuc','36.1','','','','','Lote 95 manzana 8 A ','','','','','','41196573',3,NULL,NULL),
(80,'Reyna ','Aguilar','2459599390115','F','1977-09-18',42,NULL,'Residencial Los Olivos',18,'Si','',2,25,37,3,'2020-07-03 13:59:04','2020-07-03 14:17:14','De Jesus','Osoy De Cifuentes','36.9','','','B15','','Manzana 4','','','','','','49709507',3,NULL,NULL),
(81,'Leslie','Joaquín ','1995192690101','F','1983-12-04',36,NULL,'',18,'','Presenta dificultad respiratoria normalmente en las noches y ha presentado temperatura desde el día martes, deshidratación. ',2,25,38,3,'2020-07-03 14:15:58','2020-07-03 14:33:45','Georgina','Cos','36.5','','','','','km 9 Lote 3 Entrada Rosario ','','','','','','53510677',3,NULL,NULL),
(82,'Naima','Lucero','','F','2012-09-22',7,NULL,'',18,'','Sin olfato, alergia la cambio de clima. ',2,25,39,3,'2020-07-03 14:19:49','2020-07-03 14:50:32','Giselle','Joaquin ','36.2','','','','','Km 9 lote 3 Entrada al Rosario ','','','','','','53510677',3,NULL,NULL),
(83,'Rudy','Lucero','1584049710101','M','1981-02-07',39,NULL,'Entrada a el Rosario',18,'No','',2,25,40,3,'2020-07-03 14:21:20','2020-07-03 14:36:42','Benjamín','Cuc','36.2','','','Lote 3','','Km. 9 Ruta San Pedro Ayampuc','','','','','','54566678',3,NULL,NULL),
(84,'Heidy ','Alvarado ','1664418800101','F','1978-04-26',42,NULL,'San Jorge Anexo Kenedy',18,'1664418800101','Perdida del gusto, indica que estuvo en tx por infección de oído y garganta, dolor de articulaciones. ',2,25,41,3,'2020-07-03 14:26:19','2020-07-03 15:32:19','Xiomara','Tecerp','34','','36','4-88','','','','','','','','47569888',3,NULL,NULL),
(85,'Jonatan','Mejía','2283756300101','M','1991-03-04',29,NULL,'Colonia Rosario',18,'Si','',2,25,42,7,'2020-07-03 15:21:50','2020-07-03 15:22:04','Eduardo','','36.7','Sector 1','','Lote 20','','\nReferencia:  Entrada a Colonia El Rosario','S','15 a 20 Días desde la fecha 2020-07-03','Indefinido, laboró con personas positivas.','','','58706775',3,NULL,NULL),
(86,'Sergio ','Santos','2704916780101','M','1995-04-07',25,NULL,'Limón 2',18,'Si','Refiere no sentir olor ni sabor.\nRefiere tener síntomas de patología cardiogénica',2,25,43,4,'2020-07-03 15:57:38','2020-07-05 20:49:12','René','Véliz','37','Calle Principal','','Lote 1A','','Por iglesia Evangélica frente a calle principal','S','Desde el 17 de junio del 2020 ','No refiere. Asi mismo refiere haber tenido contacto en la fecha mencionada con objetos que esta persona pudo haber utilizado.','','','59729976',3,NULL,NULL),
(87,'Estuardo','Centeno','18242111231001','M','1988-03-19',25,NULL,'BARRIOS',7,'','',2,11,44,3,'2020-07-04 09:43:58','2020-07-04 09:56:18','','Paz','40','4','4','02-036','BARRIOS','','','','','','S','49502856',NULL,NULL,NULL),
(88,'Jose','Barrios','1616161616','M','2011-02-09',15,NULL,'',7,'12121212121','',4,33,1,3,'2020-07-04 10:19:18','2020-07-04 10:20:58','Leonel','','39','2','3','20-12','','','','','','','S','4515454',NULL,NULL,NULL),
(89,'Juan','Perez','2230652010101','F','1997-05-10',25,NULL,'La fuente',7,'','',4,33,2,3,'2020-07-04 10:50:14','2020-07-06 06:42:24','Jose','Sosa','38','22 calle','25 ','15-25','Quinta Samayoa','paciente sospechosos de covid19','S','','','','','',NULL,NULL,NULL),
(90,'Juan','Querendon','2358 37825 0101','M','1982-12-15',35,'','Quinta Samayoa',7,'','',4,39,3,3,'2020-07-04 11:04:23','2020-07-06 06:42:20','','','38','10','20','15-10','','','','','','','','55555555',NULL,NULL,NULL),
(91,'Prueba capacitación sabado','caballeros','','F','0002-03-07',40,'','',1,'','',2,9,45,7,'2020-07-04 17:26:51','2020-07-04 17:30:25','','Caballeros','','','','','','','','','','','','',2,NULL,NULL),
(92,'Leonel','Barrios','111546456','M','1998-05-10',22,NULL,'nada',7,'878794646','',4,33,4,3,'2020-07-06 07:07:54','2020-07-06 07:08:36','','','40','22','11','11-98','','','S','2','','','','22554477',NULL,NULL,NULL),
(93,'Omar','Orozco','asdfasdf','M','2000-05-10',30,NULL,'',7,'asdfasdf','',4,33,5,3,'2020-07-06 07:10:59','2020-07-06 07:55:06','','','40','','','','','','','','','','','654654643',2,NULL,NULL),
(94,'Leonel ','Mesi','184520050101','M','1985-10-25',35,NULL,'landivar',7,'','',4,43,6,3,'2020-07-06 07:51:38','2020-07-06 07:54:58','','','','5','5','5-25','','','','','','','','',NULL,NULL,NULL),
(95,'Luis','Perez','15486201015','M','1990-02-20',35,'','aaa',7,'','',4,47,7,3,'2020-07-06 07:57:30','2020-07-06 08:07:42','','','39','2','3','10-20','','','S','4','4','S','S','',NULL,NULL,NULL),
(96,'Oscar','Gonzales ','2276913930101','M','1974-11-28',45,NULL,'Lomas de Santa Faz',18,'','',2,25,46,3,'2020-07-06 08:05:46','2020-07-06 08:37:45','Leonel','Cante','36.3','','','','','lote 12 manzana O sector 4 ','','','','','','41124441',3,NULL,NULL),
(97,'marco','perez','','M','1990-02-14',40,NULL,'',7,'','',4,47,8,3,'2020-07-06 08:07:43','2020-07-06 08:16:35','','','','','','','','','S','','','','','',NULL,NULL,NULL),
(98,'Doroteo','Ortiz ','2487119892101','M','1953-03-28',67,NULL,'',6,'','Saturacion de 78 fc de 80, perdida del olfato y del gusto. ',2,25,47,3,'2020-07-06 08:13:20','2020-07-06 08:21:28','De Jesus','Mateo ','34','','','','','San Julian lote 182 ','','','','','','',1,NULL,NULL),
(99,'JUAN','JUAREZ','1212','M','2020-07-08',20,NULL,'',7,'1212','',4,33,9,3,'2020-07-06 08:22:34','2020-07-06 09:45:56','JOSE','','30','','','','','','','','','','','',NULL,NULL,NULL),
(100,'Jorge','Gutierrez','13213213131','M','1975-01-01',40,NULL,'asdf',7,'4654654984','',4,47,10,3,'2020-07-06 09:39:35','2020-07-06 09:45:51','Luis','','39.8','1','2','1-2','','','','','','','','5465465',NULL,NULL,NULL),
(101,'Maria','Rodriguez','234234234','F','1975-09-01',45,NULL,'',7,'2342342342','',4,47,11,3,'2020-07-06 09:42:15','2020-07-06 09:45:44','Celeste','','38.5','23','32','25-25','','','','','','','S','99999999',NULL,NULL,NULL),
(102,'JUAN ','bARRIOS','','M','2020-07-01',1,NULL,'',7,'','',4,43,12,3,'2020-07-06 09:51:02','2020-07-06 09:56:18','','','30','','','','','','','','','','','',2,NULL,NULL),
(103,'Ever ','Ramos','2988113670101','M','1996-12-11',23,NULL,'Pinares del norte',18,'No','Ingesta de Panadol Ultra 8:15 del 2020-07-06',2,25,48,3,'2020-07-06 10:17:37','2020-07-06 10:46:18','Israel','Estrada','36.5','','5ta ','59-49','','','','','','','','47305840',3,NULL,NULL),
(104,'Mynor','Alvarez','1984631460101','M','1981-09-01',38,'','Quinta Samayoa',7,'1984631460101','oxigenacion 94%, frecuencia cardiaca 101',4,43,13,4,'2020-07-06 10:22:25','2020-07-07 15:16:19','Ariel','Garcia','36.4','7','13','13-21','','','','','','','','41826970',2,NULL,NULL),
(105,'Marco ','Soto ','1827547740101','M','1951-12-07',68,NULL,'4 de Febrero ',7,'1827547740101','Siente molestias en el pulmón izquierdo. ',2,25,49,3,'2020-07-06 10:23:22','2020-07-06 10:53:13','Tulio ','Ramila ','36.3','23','','29-51','','','','','','','','52586273',3,NULL,NULL),
(106,'Lucas','Lopez','1857450320601','M','1960-10-18',60,NULL,'Lo de Rodriguez ',18,'','En su casa han tenido síntomas .',2,25,50,4,'2020-07-06 10:46:56','2020-07-07 21:51:09','','Carrera','35.6','','','','','km 12 carretera al atlantico lote 48','','','','','','50835167',2,NULL,NULL),
(107,'Delfina','López','','F','1964-12-23',56,NULL,'',25,'','',2,25,51,3,'2020-07-06 11:00:29','2020-07-06 11:13:13','','Aguilar','','','','Lote 18','Sector Iglesia','Km 12.5 Ruta al Atlántico','S','2020-06-24','','','','',1,NULL,NULL),
(108,'Jorge ','Vueltas ','2119942350101','M','1992-04-04',28,'','La Estancia ',18,'2119942350101','El finde semana estuvo con gripe, pero indica que llego mojado al trabajo y en el trabajo tienen aire acondicionado y después de eso fue que se enfermo. ',2,25,52,3,'2020-07-06 11:02:38','2020-07-06 11:13:57','Estuardo','Chavez ','36.4','','','','','lote 7 B camino a la estancia Callejon la Escuelita ','','','','','','56388319',3,NULL,NULL),
(109,'Joaquin','Ocox','1765468450101','M','1957-08-16',62,NULL,'Quinta Samayoa',7,'','saturacion 94, frecuencia 91',4,43,14,3,'2020-07-06 11:13:23','2020-07-06 11:29:01','','Catalan','33','4','13','13-78','','dolor de garganta frecuente','','','','','','',3,NULL,NULL),
(110,'Zoila','Recinos','111111110101','F','1968-02-22',50,NULL,'la vervena',7,'','saturacion 92, frecuencia 71',4,43,15,3,'2020-07-06 11:29:01','2020-07-06 11:45:25','America','','34.8','17','9 c','17-26','joya 3','','','','','','','',2,NULL,NULL),
(111,'Moisés','Maldonado','2926280050904','M','1965-03-18',55,NULL,'Canalitos',24,'No','Refiere presencia de Esputo.',2,25,53,4,'2020-07-06 11:32:15','2020-07-07 21:50:36','Benigno','De León','','','','Lote 5B','','Manzana 20 Cantón Los Encuentros.','S','2020-07-02','','S','','57146143',4,NULL,NULL),
(112,'Adolfo','Castillo','8550032110101','M','1983-11-08',36,NULL,'',6,'','saturacion 95, frecuencia 101',4,43,16,3,'2020-07-06 11:38:19','2020-07-06 11:54:08','','','35.7','10','14','14-02','','','S','8 dias','diario','S','','',3,NULL,NULL),
(113,'Gerardo','Maldonado','2403567640101','M','1987-02-26',33,NULL,'Canalitos',24,'Si','Ingesta de Rivotril preescrita por Médico particular por Alteración nerviosa y ansiedad causada por Estrés.',2,25,54,4,'2020-07-06 11:43:00','2020-07-07 21:51:22','Emanuel','Hernández','36.5','','','Lote 5B','','Manzana 20, Los encuentros.','S','2020-07-02','1hr aproximaamente.','','','55451250',3,NULL,NULL),
(114,'Milton ','De la Cruz','2576074711501','M','1980-04-30',40,NULL,'',24,'','Indica que tuvo contacto con una persona con COVID hace 8 días, indica que no llevaba mascarilla puesta pero la persona enferma si cargaba su mascarilla. No ha tenido ningun tipo de sintoma. ',2,25,55,3,'2020-07-06 11:46:52','2020-07-06 12:02:32','Yoel','Franco ','29','','','','Los Encuentros Canalitos','manzana 31 lote 1J Los Encuentros Canalitos, Apartamento A ','S','8 días','De 40 minutos a 1 hora ','','','41964611',4,NULL,NULL),
(115,'Francisco','Caal','2224624931508','M','1965-08-28',55,NULL,'Maya',18,'No','',2,25,56,4,'2020-07-06 12:08:06','2020-07-07 21:50:54','','Cun','36.5','','','','','No refiere dirección, única referencia \"Por el Pozo\" .','','','','','','46538722',3,NULL,NULL),
(116,'Ahias','Aguilar','1579188580101','M','1966-06-07',54,NULL,'Caminal Juyu II',7,'','El paciente indica que anteriormente la Acetaminofen de daba alergia',4,43,17,3,'2020-07-06 12:09:29','2020-07-06 12:35:33','Heli','Matheu','36.2','','23','13-88','','SpO2 90%  FC 102','','','','','','24751221',1,NULL,NULL),
(117,'Dora','Sayes','-','F','1961-09-22',58,NULL,'Kaminal Juyú',7,'-','',4,39,18,3,'2020-07-06 12:19:35','2020-07-06 12:35:33','Alicia','Ruiz','36.5','','23','13-88','','','','','','','','24751221',3,NULL,NULL),
(118,'Juan','Alvarado ','','M','1974-03-16',46,NULL,'La Verbena',7,'','',4,43,19,4,'2020-07-06 12:45:28','2020-07-07 15:17:10','Antonio','Ramos','35.1','','10  Avenida B','11-54','','SpO2 95% FC 86','','','','','','24406850',3,NULL,NULL),
(119,'Thelma','Alvarado','','F','1955-07-28',55,NULL,'La Verbena',7,'','',4,43,20,4,'2020-07-06 12:49:29','2020-07-07 15:16:59','Ondina','Ramos','35.6','','10 Avenida B','11-54','','SpO2 92 % FC 102','','','','','','24406850',3,NULL,NULL),
(120,'Oswaldo ','Reyes','1742165560112','M','1980-01-05',40,NULL,'Maya',18,'1742165560112','',2,25,57,3,'2020-07-06 13:01:52','2020-07-06 13:13:29','','Morales ','36.5','','','','','lote 95 manzana 8 A ','','','','','','55326924',3,NULL,NULL),
(121,'Bryan','Ramos','2070348340101','M','1996-06-30',23,NULL,'ulises rojas',3,'','saturacion 95, frecuencia 71',4,43,21,4,'2020-07-06 13:22:13','2020-07-07 15:16:52','','','36.7','2','1','2-74','villa nueva','36.7','S','hace 48 horas','a diario, compañero de trabajo','','','',2,NULL,NULL),
(122,'Hector','Alvarado','19555250600101','M','1968-10-29',53,NULL,'vervena',7,'','saturacion 89, frecuencia 106',4,43,22,3,'2020-07-06 13:27:31','2020-07-06 13:49:55','Otoniel','','34','11','10 b','11-54','','','','','','','','',3,NULL,NULL),
(123,'Maria ','Hernandez ','1597974030101','F','1983-01-02',37,NULL,'Paraíso 2',18,'1597974030101','SpO2% 95, fc: 86. ',2,25,58,4,'2020-07-06 13:50:57','2020-07-07 21:51:35','De los Angeles','Angel ','36.5','','','','','lote 24 sector 3 Cerrito ','S','5 días ','día completo ','','','51643679',3,NULL,NULL),
(124,'Susana ','Ortiz','1883500550101','F','1981-12-14',37,NULL,'',18,'No','P: 107 lpm\nSpo2%: 95',2,25,59,3,'2020-07-06 14:06:27','2020-07-06 14:25:40','Yanet','','36.5','','','Lote 9','Residenciales Valle del Atlántico','Manzana C, Sector 2','','','','','','47506282',3,NULL,NULL),
(125,'Melvin ','López','2080816580101','M','1991-11-02',28,'','Maya',18,'No','P: 51\nSpo2%: 97\nRefiere: Dolor precordial con desplazamiento de dolor al brazo izquierdo.\nRefiere no sentir olor ni sabor.',2,25,60,4,'2020-07-06 14:44:38','2020-07-07 21:50:13','Jovany','Zelaya','36.5','','','Lote 397','','Manzana 21','','','','','','58305537',3,NULL,NULL),
(126,'Maya','Perez','2422833060101','F','1971-07-01',49,NULL,'La pascua ',18,'','Spo2% 96, fc: 78.',2,25,61,7,'2020-07-06 14:57:56','2020-07-06 14:58:02','Aleida','Ventura ','36.2','','','','','5to callejon lote 3B La pascua ','','','','','','55330949',2,NULL,NULL),
(127,'Gustavo','Cabrera','2282560380101','M','1986-08-02',33,NULL,'Proyecto 4-4',6,'','',4,47,23,4,'2020-07-06 15:10:56','2020-07-07 15:16:44','Adolfo','Gonzalez','36.3','','17 Avenida B','19-91','','SpO2 94% FC 87','S','7','15 dias - 3 compañeros de trabajo fueron diagnosticados positivo para COVID','','','59444306',2,NULL,NULL),
(128,'Claudia','Salazar','2282579560101','F','1988-12-21',32,NULL,'proyecto 4-4',6,'','saturacion 96, frecuencia 82',4,43,24,3,'2020-07-06 15:11:01','2020-07-06 15:28:53','Frinee','Hernandez','36.3','19','17 b','19-91','','','','','','','','',3,NULL,NULL),
(129,'Eliu','Orozco','2212 52576 0101','M','1980-08-25',40,NULL,'',1,'','',4,47,25,3,'2020-07-06 15:23:43','2020-07-07 08:30:43','Neftali','Hernandez','36.6','','13','20-32','','SpO2 91%  FC 94','','','','','','30234439',3,NULL,NULL),
(130,'Maria','Noj','2453044010107','F','1983-08-04',36,NULL,'El limon',18,'','Spo2% 98, fc: 75. Perdida del olfato y del gusto. Dolor en el torax. Ha estado ingiriendo acetaminofen y virogrip. ',2,25,62,3,'2020-07-07 08:05:21','2020-07-07 08:29:14','Dominga','Monroy','36.0','12 C','','23-87','','','','','','','','58396613',3,NULL,NULL),
(131,'Carlos ','Contreras ','2722948370101','M','1960-11-02',59,NULL,'El Prado ',18,'','spo2% 94, fc: 65.  Ya tocio en una ocasión con sangre. ',2,25,63,3,'2020-07-07 08:12:14','2020-07-07 08:25:16','Enrique','Donis ','36.5','','','','','manzana R casa 9 El Prado ','','','','','','51377170',3,NULL,NULL),
(132,'Julio ','Ramirez','1832478410101','M','1952-01-25',68,'','Amparo 2',7,'','Spo2% 70, fc: 110. Se coordino ambulancia para llevarlo al hospital. ',2,25,64,1,'2020-07-07 08:20:16','2020-07-07 08:46:46','Celestino','Cruz','36.0','','','','','sector 2 lote 54 Apartamento La Esperanza 2 ','','','','','','56816144',NULL,NULL,NULL),
(133,'William','Set','1818053080101','M','1973-09-23',47,NULL,'Florida',19,'','',4,47,26,3,'2020-07-07 08:25:25','2020-07-07 09:05:40','Mischell','Ecute','36.0','','7','9 - 18','','SpO2 95 % FC 75','','','','','','59781463',NULL,NULL,NULL),
(134,'Josue','Hernandez','2286 89376 0101','M','1990-05-03',30,'','El incienso ',7,'','',4,47,27,3,'2020-07-07 08:30:15','2020-07-07 09:22:19','Miguel','Ortiz','35.9','20 ','','31 - 47','','SpO2 97% FC95 perdida del olfato, perdida de gusto','','','','','','41601794',3,NULL,NULL),
(135,'Juan ','Flores','3001093850101','M','2000-05-20',20,NULL,'Valle Del Encino ',18,'','spo2% 96. fc: 82. Perdida del olfato y del gusto. ',2,25,65,3,'2020-07-07 08:32:43','2020-07-07 08:53:35','Jose','Meliar ','36.4','','','','','sector 1 lote 13 Valle Del Encino ','','','','','','55864789',3,NULL,NULL),
(136,'Karen','Vasquez','2503535550101','F','1982-12-19',37,NULL,'Sinai',10,'No','',4,43,28,3,'2020-07-07 08:50:03','2020-07-07 09:05:48','Layla','Alistun','36.2','17 calle A','','1-94','Mixco','','','','','','','52389140',NULL,NULL,NULL),
(137,'Xiomara','Contreras','1111111111110101','F','1973-11-23',47,NULL,'La florida',19,'','Saturación 95, frecuencia 70',4,43,29,3,'2020-07-07 08:58:29','2020-07-07 09:36:38','Socorro','','36.3','9','7','9-18','','','','2 ','','','','',3,NULL,NULL),
(138,'Diana','Estrada','2701 135060101','F','1982-12-01',37,NULL,'Quinta Samayoa',7,'','',4,47,30,3,'2020-07-07 09:07:11','2020-07-07 10:03:43','Isabel','Velásquez ','36.5','8','','12- 26','','SpO2 96% FC99','','','','','','58799183',3,NULL,NULL),
(139,'Prueba','1','','M','1996-04-05',24,NULL,'',2,'','',2,25,66,3,'2020-07-07 09:10:48','2020-07-07 09:13:24','','','','','','','','','','','','','','57583344',NULL,NULL,NULL),
(140,'Juan ','Navarro','1675631570101','M','1948-03-08',72,NULL,'',7,'','Saturación 95, frecuencia 69',4,43,31,3,'2020-07-07 09:14:45','2020-07-07 09:47:55','De Dios','','36.3','11','30 c','11-93','','','','','','','','',4,NULL,NULL),
(141,'Jennifer ','Gonzales ','','F','1999-09-24',20,NULL,'El limon ',18,'','Perdida del olfato y del gusto. ',2,25,67,4,'2020-07-07 09:40:41','2020-07-08 21:56:41','Paola','Hernadez','36.7','','','','','Calzada 7 lote 36 Asentamiento Esquipulas ','','','','','','50155777',3,NULL,NULL),
(142,'Blanca','Chitay','1998915160101','F','1965-05-04',55,NULL,'Castillo Lara',7,'','Saturación 95, frecuencia 94',4,43,32,3,'2020-07-07 09:45:16','2020-07-07 10:17:38','Lidia','','34.9','12','14','14-33','','','','','','','','',2,NULL,NULL),
(143,'Melanie','Mendez','236955349011','F','1986-03-29',34,NULL,'Calzada san Juan',7,'','',4,47,33,3,'2020-07-07 09:50:02','2020-07-07 10:43:50','Annabetzy','Juarez','36.4','','','34-71','','Spo2 95% FC 86','S','Todos los dias','Esposo e hijo','S','S','54470177',4,NULL,NULL),
(144,'Jose ','Carranza','1860698470101','M','1987-02-20',33,NULL,'Maya',18,'1860698470101','Spo2%: 95, fc: 86. Perdida del gusto y del olfato desde hace 5 días. ',2,25,68,4,'2020-07-07 09:59:04','2020-07-08 21:55:26','Alberto','Giron','33','','','','','Lote 344 manzana C ','','','','','S','45608683',3,NULL,NULL),
(145,'Esteban','Lux','1793385790412','M','1970-11-25',49,NULL,'Landívar',7,'','Saturación 95, frecuencia 100',4,43,34,3,'2020-07-07 10:37:10','2020-07-07 10:57:15','','','34.7','12','3','12-42','','','','','','','','',2,NULL,NULL),
(146,'Roxana','Marroquin','2059044080101','F','1991-08-05',28,NULL,'La estancia ',18,'','Spo2% 96, fc: 96',2,25,69,3,'2020-07-07 10:37:16','2020-07-07 10:57:44','Nineth','Pec','36.4','46','','43-93','','','S','8 días','','S','','59700802',2,NULL,NULL),
(147,'Alvaro ','Betancourth','2286777690208','M','1991-08-22',28,NULL,'Atlantida',18,'2286777690208','Sin olfato y sin gusto hace 5 días hasta hoy empezó a recuperar gusto. Spo2%: 93 fc: 86',2,25,70,3,'2020-07-07 10:46:17','2020-07-07 11:07:51','Danilo ','Reyes','36.5','10','','7-78','','','','','','','','51225238',3,NULL,NULL),
(148,'Miguel','Galindo','2284511830920','M','1939-03-02',81,NULL,'Maya',18,'No','Spo2%:90\nP:89\nT:37.2\nRefiere no sentir sabor al alimento\nTx Enalapril 20mg Recetado por Médico el MSPyAS.',2,25,71,3,'2020-07-07 10:49:57','2020-07-07 11:04:25','Angel','','37.2','','','Lote 27F','','Manzana 27A\nReferencia: ','','','','','','34086351',1,NULL,NULL),
(149,'Jose','Granados','2096289791301','M','1992-01-22',28,NULL,'Quinta Samayoa',7,'2096289791301','Saturación 96, frecuencia 65',4,43,35,3,'2020-07-07 10:53:08','2020-07-07 11:17:41','','','36.4','7','8','8-10','','','','','','','','',3,NULL,NULL),
(150,'Irene','Orozco ','1657279281216','F','1954-06-28',66,NULL,'El Paraiso 2',18,'','Spo2%: 95, fc: 78. ',2,25,72,4,'2020-07-07 10:57:09','2020-07-08 21:53:48','Virginia','Gomez','36.5','','','','','7ma avenida Lote 163 El comunal ','','','','','','42520856',NULL,NULL,NULL),
(151,'Samuel','Juárez','1663483761216','M','1953-12-30',67,NULL,'Paraiso 2',18,'No','Spo2%: 95\nP:86\nT:36.4',2,25,73,3,'2020-07-07 10:58:00','2020-07-07 11:19:27','Sabino','Ramirez','36.4','','34','Lote124','Comunidad Arzú','','','','','','','42520856',3,NULL,NULL),
(152,'Virginia','Alvarado','1970739721801','F','1949-01-11',70,NULL,'La Verbena',7,'','',4,47,36,3,'2020-07-07 10:58:04','2020-07-07 11:38:46','','Pineda','35.9','15','7','14 - 94','','SpO2 98% FC 100','','','','','','',2,NULL,NULL),
(153,'Mayra ','Tajtic','1983436040101','F','1965-11-21',54,NULL,'Pilares del Norte ',18,'','Spo2%: 94, fc: 108. Perdida del olfato y del gusto. ',2,25,74,4,'2020-07-07 11:02:50','2020-07-08 22:03:17','Elizabeth','De Marquez','37.0','','63','5-13','','','S','2 semanas y media ','','S','','22429648',2,NULL,NULL),
(154,'Ana','López','2445254980101','F','1968-02-26',52,NULL,'Tikal 1',7,'','Saturación 95, frecuencia 70',4,43,37,3,'2020-07-07 11:03:32','2020-07-07 12:06:02','Patricia','Figueroa','36.1','9','30','30-80','','','','','','','','',2,NULL,NULL),
(155,'Marcos','Igueros','2176285320101','M','1984-11-30',35,NULL,'El Limon',18,'','spo2%:94 fc: 85. Solo molestias en la garganta. Vive con su mamá que salió positivo a la prueba de Covid. ',2,25,75,3,'2020-07-07 11:21:04','2020-07-07 11:35:37','Andres','Martinez','36.4','','21 av E','15-57','','','S','','','S','','22604631',4,NULL,NULL),
(156,'Jose','Noc','2442812380408','M','1980-10-11',39,NULL,'Barrio San Antonio',6,'','Saturación 94, frecuencia 91',4,43,38,3,'2020-07-07 11:23:34','2020-07-07 12:22:33','Luis','GomeZ','36.1','18','27 final','Lote 40B 1','','','','','','','','',2,NULL,NULL),
(157,'Olga','Lainez','2562 86442 1309','F','1964-02-08',56,NULL,'Quinta Samayao',7,'','',4,47,39,3,'2020-07-07 11:26:47','2020-07-07 12:36:37','Guadalupe','Lopez','36.4','7 calle a','','12 24','','SpO2 98% FC 67','','','','','','34298615',2,NULL,NULL),
(158,'Alexandra','Argueta','2432697650101','F','1976-10-07',43,NULL,'El limon',18,'2432697650101','Spo2%: 94 fc: 102. Su mamá salió caso positivo Covid. ',2,25,76,3,'2020-07-07 11:27:51','2020-07-07 11:51:05','Judith','Martinez','36.8','','21 avenida E','15-57','','','S','','','S','','50107696',3,NULL,NULL),
(159,'Rigoberto','López','1697092050101','M','1961-07-21',59,NULL,'Pinares del Norte',18,'No','Spo2%: 95\nP:105\nT:36.4\nRefiere ingesta de Metformina y propanodol preescritos por médicos del Hospital Roosevelt.',2,25,77,3,'2020-07-07 11:30:08','2020-07-07 11:44:34','Otoniel','Fuentes','36.4','21','','61-43','','','','','','','','54259288',2,NULL,NULL),
(160,'Olga','Ayala','2409239360101','F','1959-10-08',60,NULL,'Juana de arco',18,'','Saturación 87 frecuencia 84',4,43,40,3,'2020-07-07 11:33:45','2020-07-07 13:00:25','Marina','','35.7','0','1','0-07','','','','','','','','',1,NULL,NULL),
(161,'Ana ','Vasquez','1614701730101','F','1990-09-18',29,NULL,'',18,'1614701730101','Spo2%: 95, fc: 97. Perdida del olfato y del gusto. ',2,25,78,4,'2020-07-07 11:34:25','2020-07-08 21:54:03','Lilian ','','36.5','','','','','Entrada Al Rosario lote 2A ','S','15 días. ','5 horas ','','','55757701',4,NULL,NULL),
(162,'Jose','Ruiz','1769 22601 0101','M','1977-06-09',44,NULL,'El Mirador',11,'','',4,47,41,4,'2020-07-07 11:40:51','2020-07-08 22:02:30','Manuel','Rosales','35.1','','29','10-42','','SpO2 96 FC 85 paciente trabaja en una funeraria','','','','','','43911303',2,NULL,NULL),
(163,'Margarita','Girón','2514032460405','F','1962-10-17',58,NULL,'Rodríguez',18,'','',2,25,79,4,'2020-07-07 12:36:04','2020-07-08 22:26:33','Nohemí','','35','36','','0-05','','Sector Vuelta Grande','S','hace 12 días','10 minutos','','','46837951',2,NULL,NULL),
(164,'Brenda','Padilla','1853110910504','F','1979-01-26',41,NULL,'',18,'No','T:36.5\nSPo2%: 95\nP: 91\nRefiere administración de insulina 5 veces al día, Pregablina y Neurobión.\nRefiere ser alérgica a la amoxicilina.',2,25,80,4,'2020-07-07 12:37:11','2020-07-08 21:54:50','Odel','Bonilla','36.5','31','','31-10 Lote 54','Residencial Villa Las Ilusiones','Entrada al baile.','','','','','','59995779',2,NULL,NULL),
(165,'Vinicio','Chang','2341008260101','M','1981-01-03',39,NULL,'Lo de Rodríguez ',18,'si','',2,25,81,4,'2020-07-07 12:44:05','2020-07-08 21:53:16','Ivan','Girón','36.4','36 calle \"A\"','','61-06','Vuelta grande','','S','12 dias','4 horas','','','46837951',2,NULL,NULL),
(166,'Encarnación','Quelex','2498635030101','M','1956-12-18',64,NULL,'Puerta Grande',18,'No','T: 36.7\nSpo2%: 91 \nP:72',2,25,82,4,'2020-07-07 12:47:43','2020-07-08 21:52:35','','Canel','36.7','36','','61-06','','','S','2020-06-30','1 hr Aproximadamente, Refiere contacto personal.','','','45595214',3,NULL,NULL),
(167,'Dairin ','Natareno','1636863430101','F','1977-08-17',42,NULL,'El glosario',18,'','spo2%: 95, fc: 104. Secrecion nasal desde hace 6 días. ',2,25,83,4,'2020-07-07 13:00:17','2020-07-08 21:54:32','Lorena','Santos','36.5','','','','','Lote 19A manzana 1 ','','','','','','56515021',2,NULL,NULL),
(168,'Francisco','Aceytuno','2319279321416','M','1969-05-11',51,NULL,'Lomas de Lavarreda, lote 18, 3er. callejó´n',18,'si','',2,25,84,4,'2020-07-07 13:17:48','2020-07-08 21:56:53','','Borja','36.2','','','','','','','','','','','36116111',3,NULL,NULL),
(169,'Héctor','Gómez','1844721800105','M','1952-08-04',67,NULL,'Juana de Arco',18,'No','Spo2%: 95\nP:75\nT:36.5\nRefiere ingesta e Metformina, Januvia y Álamo.',2,25,85,3,'2020-07-07 13:18:48','2020-07-07 13:39:05','Israel','Gamez','36.5','2','','Loet 74','','Manzana 12, Referencia: Cercanía de la  biblioteca municipal','','','','','','22580654',2,NULL,NULL),
(170,'Gloria','Leonardo','1622510760101','F','1975-01-14',45,NULL,'Maya',18,'No','Spo2%:87\nP:102\nT: 35.9',2,25,86,4,'2020-07-07 13:35:47','2020-07-08 21:55:11','Lisbeth','Velásquez','35.9','','','Lote 895','','Manzana 9C','','','','','','55849631',3,NULL,NULL),
(171,'Jefrie','Tique','2338825370101','M','1993-12-28',26,NULL,'La esperanza',6,'Si','Spo2%: 95 \nP: 105\nT: 36.5',2,25,87,3,'2020-07-07 14:19:04','2020-07-07 14:40:19','Benedicto','Alfaro','36.5','','15','Lote 76','','Zona 6 de Chinautla','','','','','','52036746',3,NULL,NULL),
(172,'Antonio','Hernandez','2621603900803','M','1968-03-04',52,NULL,'La Reformita',12,'','saturacion 91      , frecuencia 98',4,43,42,3,'2020-07-07 14:43:35','2020-07-07 15:00:53','Vicente','Hernandez','37.7','23','4','23-21','','','','','','','','',3,NULL,NULL),
(173,'Amanda ','Gonzalez','2679774760507','F','1968-11-01',52,NULL,'Villas de San Rafael',18,'','Spo2%: 95 fc: 101. Dolor de cuerpo, desde el día de ayer perdida del olfato. ',2,25,88,3,'2020-07-07 14:54:13','2020-07-07 15:12:26','Leticia','Giron','36.0','','','','','','S','','','S','','58373111',4,NULL,NULL),
(174,'Jose','Valdez','1666958742201','M','1973-03-19',47,NULL,'',8,'','saturacion 94, frecuencia 74',4,43,43,3,'2020-07-08 08:07:41','2020-07-08 08:27:20','Remberto','Samayoa','37.7','36','Santa Cecilia','36-00','','','','','','','','',2,NULL,NULL),
(175,'Blady','Perez','2321 75195 0101','F','1979-03-24',41,NULL,'La Esperanza',6,'','Cefaloxina ',4,47,44,3,'2020-07-08 08:09:07','2020-07-08 08:20:17','Ixmucane','Rivas','37.1','','16','Lote 13-51','','SpO2 95% FC 108 - paciente presenta perdida de olfato y gusto','','','','','','54674489',3,NULL,NULL),
(176,'Dominga ','Ignacio','3012770870101','F','1996-11-20',23,NULL,'La Leyenda ',1,'3012770870101','spo2% 96, fc: 108. El esposo dio positivo a Covid. ',2,25,89,3,'2020-07-08 08:23:48','2020-07-08 08:44:55','Marleny','Castro','35','','','','','lote 8 manzana k sector 1 San Pedro Yampuc zona 0','S','','','S','','47467309',4,NULL,NULL),
(177,'Sandra ','Del Carmen','18118968770101','F','1987-01-22',34,NULL,'Limón',18,'Si','Spo2%: 97\nP: 88\nT: 36.7\nRefiere Infección urinaria crónica (2años de evolución ya diagnosticada y actualmente en Tx).\nRefiere ingesta de Trimetropil Sulfametoxazol.',2,25,90,3,'2020-07-08 08:25:47','2020-07-08 08:44:49','Judith',' Martínez Cruz','36.4','','24','15-37','','','','','','','','43004738',2,NULL,NULL),
(178,'Carlos','Morales','1738307060106','M','1986-04-17',35,NULL,'',18,'No','T: 36.7\nSpo2%:  88\nP: 107\nIndica no haber sentido olores Desde 2020-0701 Hasta 2020-0704.\nRefiere alergia a picaduras de insectos. (Zancudos).\n',2,25,91,3,'2020-07-08 08:43:55','2020-07-08 09:22:04','','Laines','36.6','','','Lote 12','Resiencial Valle de Jesús 1','Manzana 1','','','','','','30907355',1,NULL,NULL),
(179,'Irma','Vasquez','1573983580101','F','1965-03-18',54,NULL,'la Verbena',7,'','saturacion 95, frecuencia 104',4,43,45,3,'2020-07-08 09:16:55','2020-07-08 09:37:06','Yolanda','','36.2','17','10','17-50','','','','','','','','',2,NULL,NULL),
(180,'Mónica','López','1861569870101','F','1981-12-15',38,'','Las Ilusiones',18,'No','P: 88\nSpo2%: 95\nT: 37.1',2,25,92,3,'2020-07-08 09:24:03','2020-07-08 10:02:05','Elizabeth','','37.1','','','Lote 63','','Sección J','S','2020-06-27','1hr','S','','47523659',2,NULL,NULL),
(181,'Arely','Solorzano','','F','2012-12-12',7,NULL,'Landivar',7,'','',4,47,46,3,'2020-07-08 09:33:56','2020-07-08 10:03:51','Sofia','Tello','36.9','','4','11-52','','SpO2 97% FC 120','S','Mayo 15 - Son los papas y ya son pacientes diagnosticados con Positivo COVID 19','','S','','54450730',3,NULL,NULL),
(182,'Blanca','Solorzano','2533 07880 0101','F','1977-09-22',42,NULL,'Landivar',7,'','',4,47,47,3,'2020-07-08 09:41:44','2020-07-08 09:47:52','Estrella','Tello','36.7','','4','11-52','','SpO2 95% FC 88 ','S','Paciente Diagnosticada con COVID Positivo Mayo  ','','S','S','54450730',NULL,NULL,NULL),
(183,'Cory ','Orrero','2183957520101','F','1982-06-09',38,NULL,'',7,'','saturacion 92, frecuencia 97',4,43,48,3,'2020-07-08 09:50:21','2020-07-08 10:05:58','Maribel','','37.4','calzada San Juan','13','13-90','','centro comercial La Quinta local 51','','','','','','',3,NULL,NULL),
(184,'Romualdo','Rodas Sanchez','2225483470116','M','1973-02-07',48,NULL,'La Reformita',12,'','saturacion 95, frecuencia 111',4,43,49,3,'2020-07-08 10:04:41','2020-07-08 10:38:20','','','36.2','23','9','23-37','','','','','','','','',3,NULL,NULL),
(185,'Leslie','Ascencio','3003811150101','F','1996-09-27',23,NULL,'Ilusiones',18,'3003811150101','Spo2% 93, fc: 89. Perdida del olfato y del gusto. ',2,25,93,3,'2020-07-08 10:11:27','2020-07-08 10:26:40','Marisol','Barrera','36.4','','','','','lote 70 seccion D ','','','','','','42794662',4,NULL,NULL),
(186,'Jonatan','Aragon','1638885660101','M','1988-09-11',31,NULL,'La Verbena',7,'','saturacion 94, frecuencia 102',4,43,50,3,'2020-07-08 10:37:43','2020-07-08 10:56:19','Emanuel','Batres','36','11 D','9','9-64','','','','','','','','',3,NULL,NULL),
(187,'Rossvin','Ramos','2130951300101','F','1992-06-18',27,NULL,'Pinares del Norte',18,'No','Spo2%:  92\nP: 130\nT: 37.0\nRefiere aumentar cansancio notable al hacer actividades físicas cotiianas. (Posible cardiopatía)',2,25,94,3,'2020-07-08 10:40:12','2020-07-08 11:07:19','Roxana','Estrada','37.0','','5 av A','59-49','','','','','','','','44567556',3,NULL,NULL),
(188,'Gloria','Salazar','2453028240101','F','1989-03-23',31,NULL,'',18,'No','Spo2%: 96 \nP: 95\nT: 37',2,25,95,3,'2020-07-08 10:59:26','2020-07-08 11:19:27','Elizabeth','Monroy','36.7','','','Casa 25','Residenciales Jardines del Norte','Sector 2, Manzana C','S','Desde 2020-07-04','8hrs','','','33873186',4,NULL,NULL),
(189,'Jairo ','Flores ','2442813000101','M','1982-11-05',37,NULL,'Altas del Rosario ',18,'','Spo2% 97, fc: 82. Presión en el pecho del lado izquierdo. ',2,25,96,3,'2020-07-08 11:06:17','2020-07-08 11:32:00','Oswaldo ','Samayoa','36.5','','','','','lote 21 colonia Altas del Rosario ','','','','','','54845022',NULL,NULL,NULL),
(190,'Maria','Lopez','2632093771507','F','1960-05-26',60,NULL,'la reformita',12,'','saturacion 96, frecuencia 94, tuvo tortilleria y segun radiografias tiene problemas pulmonares.',4,43,51,3,'2020-07-08 11:17:23','2020-07-08 11:40:04','Sara','Ramirez','34','8','11','8-31','','','','','','','','',2,NULL,NULL),
(191,'Lucio','Sasvin ','1591673020101','M','1989-10-15',30,NULL,'Santa Faz Chinautla',6,'','Spo2% 92, fc. 92. ',2,25,97,3,'2020-07-08 11:18:52','2020-07-08 11:41:40','Esau','Gómez','36.5','','4TA AVENIDA A','17-122','','','','','','','','51387277',3,NULL,NULL),
(192,'Warnner','Guillemo','2931873550101','M','1989-03-08',31,NULL,'Castillo Lara',8,'','saturacion 95, frecuencia 79',4,43,52,3,'2020-07-08 11:25:10','2020-07-08 11:54:53','Omar','Lopez','36.9','11','8','8-39','','','','','','','','',3,NULL,NULL),
(193,'Gloria','García','2194509430101','F','1990-09-08',30,NULL,'',6,'Si','Spo2%: 96\nP: 92\nT:36.5\nRefiere a las 10:00 am del 2020-07-07 Pérdida de olores y sabores.',2,25,98,3,'2020-07-08 11:26:39','2020-07-08 11:40:13','Raquel','Aguilar','36.5','','2 av A','15-20','','','S','2020-06-24','1hr Aproximadamente','','S','50462449',3,NULL,NULL),
(194,'Juliana','Vargas ','2546714110101','F','1994-07-22',25,NULL,'Residenciales Los Olivos',18,'','Spo2% 97, fc: 87. ',2,25,99,3,'2020-07-08 11:28:29','2020-07-08 11:47:11','Esmeralda','Amado','36.6','','','','','sector manzana T casa 16 ','','','','','','55324703',3,NULL,NULL),
(195,'Mynor ','Avendaño','2437401070101','M','1961-03-20',59,NULL,'La Esperanza',18,'No','Perdida del olfato y del gusto. Spo2%: 95, fc: 89. Perdida del apetito. ',2,25,100,3,'2020-07-08 11:38:55','2020-07-08 12:03:01','David','Melendez','36.9','','','','','lote 20 manzana 10 ','','','','','','53028732',3,NULL,NULL),
(196,'Arcadio','Monroy','1873932810107','M','1985-01-12',62,NULL,'',1,'Si','paciente clinicamente con cuadro sugestivo de dengue. se brinda tratamiento sintomático. ',2,25,101,1,'2020-07-08 11:45:18',NULL,'','Soyos','38','5 av a 3.79','','','','','','','','','','',NULL,NULL,NULL),
(197,'Erika','Ruiz','2733162570101','F','1995-07-22',24,NULL,'Limón ',18,'No','Spo2%: 96\nP:80\nT:36.4',2,25,102,3,'2020-07-08 12:12:52','2020-07-08 12:36:24','Jesenia','Lemus','36.4','14 Calle B','','20-37','','','','','','','','46261631',NULL,NULL,NULL),
(198,'Carlos','Gálvez','2443437720101','M','1994-02-17',26,NULL,'Melgar Díaz',2,'No','Spo2%: 95\nP: 63\nT 36.4',2,25,103,3,'2020-07-08 12:22:00','2020-07-08 12:34:45','David','Roldán','36.3','18','','13-96','','','','','','','','47140653',3,NULL,NULL),
(199,'Carolina','Marin ','2618 83755 0101','F','1986-09-16',36,NULL,'La Reformita',12,'','TRIMETOPRIM SULFA',4,43,53,3,'2020-07-08 12:29:24','2020-07-08 12:51:41','','Garcia','37.9','','18','10-82','','SpO2 94% FC 103','','','','','','51311714',3,NULL,NULL),
(200,'Danny','Roldan','1574 57109 0101','M','1978-02-18',42,NULL,'Abril',5,'','',4,43,54,3,'2020-07-08 12:36:57','2020-07-08 13:02:57','Javier','Vasquez','37.5','15 calle C','','36-56','','SpO2 89% FC 134','','','','','','50137768',3,NULL,NULL),
(201,'Nery','Lopez','2535108050101','M','1975-08-24',44,NULL,'Lo de Rodriguez ',18,'','spo2%: 94, fc: 114. Perdida del olfato y del gusto. ',2,25,104,3,'2020-07-08 12:57:18','2020-07-08 13:22:16','Alexander','Guzman','37.0','','','','','lote 42 sector Soto Colonia Lo de Rodriguez ','S','1 semana','2 horas','','','44827803',3,NULL,NULL),
(202,'Norma','Perez','2615231710101','F','1965-12-08',54,NULL,'El limon',18,'','Spo2% 92, fc: 92. Sin apetito. ',2,25,105,3,'2020-07-08 13:02:43','2020-07-08 13:17:11','Aracely ','Hernandez','36.3','','','','','manzana 1 lote 8','','','','','','59598761',3,NULL,NULL),
(203,'Ancelmo','Flores','2350913161505','M','1970-04-21',50,NULL,'Limon 2',18,'','spo2%: 92, fc: 114. Perdida del gusto. ',2,25,106,3,'2020-07-08 13:07:57','2020-07-08 13:30:13','','Canahui','36.5','','','','','lote 2 manzana 8 ','','','','','','54748187',NULL,NULL,NULL),
(204,'Jessica','Escobar','2368344520101','F','1985-04-18',35,NULL,'La Esperanza',18,'2368344520101','spo2%: 96, fc: 78. Alergica a la penicilina. Perdida del olfato. Tuvo gripe hace 3 días. ',2,25,107,3,'2020-07-08 13:13:21','2020-07-08 13:27:20','Alejandra ','Tejada','36.5','','2da avenida','','','lote 45','','','','','','30201377',3,NULL,NULL),
(205,'Kevin','Tortola ','1693947350101','M','1984-06-14',36,NULL,'Atlantida',18,'','spo2%93, fc: 97. Dolor en la espalda y se irradia hacia adelante. ',2,25,108,3,'2020-07-08 13:20:30','2020-07-08 13:49:13','Estuardo','Velasquez','36.0','','11 avenida','9-26','','','','','','','','52892081',NULL,NULL,NULL),
(206,'Dafhly ','Rodriguez ','2703306660101','F','1985-08-23',34,NULL,'Atlantida',18,'','spo2% 98, fc: 78. Escalofrios hace 6 días. ',2,25,109,3,'2020-07-08 13:27:05','2020-07-08 13:38:40','Mareé','Ortega','36.7','','11 avenida','9-26','','','S','19 días','2 días','','','36087445',4,NULL,NULL),
(207,'Yersin','Salazar','2228686190203','M','1993-04-22',27,NULL,'Maya',18,'2228686190203','Spo2% 96, fc: 82. ',2,25,110,3,'2020-07-08 13:39:29','2020-07-08 13:56:18','Jeovanni ','Agustin','36.6','','','','','lote 691 manza 10 ','S','7 días','20 minutos','','','35919378',3,NULL,NULL),
(208,'Irma','Gomez','2117427400101','F','1991-01-14',29,NULL,'lo de Rodriguez',18,'','spo2% 97, fc: 85. Perdida del gusto y del olfato. ',2,25,111,3,'2020-07-08 13:43:45','2020-07-08 14:01:18','Astrid Estefany','Baiza','36.8','','','','','Sector lo de Rodriguez lote 42','','','','','','47648679',3,NULL,NULL),
(209,'Miroslava','Ortega','2687398110101','F','1963-05-15',57,'','Atlántida',18,'No','Spo2%: 92\nP: 85\nT:36.4',2,25,112,3,'2020-07-08 13:45:36','2020-07-08 14:16:10','','Ardón','36.5','','11','9-26','','','S','2020-07-08','','S','','58327173',2,NULL,NULL),
(210,'Sandra','Sanchez ','1676695320101','F','1967-04-14',54,NULL,'Maya',18,'','spo2%. 94, fc: 101. Dolor de cuerpo. ',2,25,113,3,'2020-07-08 13:48:06','2020-07-08 14:20:45','Roselia','Fuentes ','36.7','','','','','manzana 29 final lote 8 Asentamiento Anexo Oscar Berge ','','','','','','34802879',3,NULL,NULL),
(211,'Jose','Rivas','1639451520506','M','1954-06-13',67,NULL,'Quinta Samayoa',7,'','saturacion 91, frecuencia 95',4,43,55,3,'2020-07-08 13:58:37','2020-07-08 14:06:31','Antonio','','36.8','3','9 \"A\"','3-18','','','','','','','','',3,NULL,NULL),
(212,'Oscar','Temaj','2523634420101','M','1988-09-23',31,NULL,'La verbena ',7,'','saturacion 94, frecuencia 106',4,43,56,3,'2020-07-08 14:05:59','2020-07-08 14:20:49','Alexander','Nimatuj','36.8','','10 avenida final','1lote 61 Joya 5','','','','','','','S','',3,NULL,NULL),
(213,'Salomon','Mucia','2490037320713','M','1962-06-01',58,NULL,'Castillo Lara',7,'','saturacion 93, frecuencia 94',4,43,57,3,'2020-07-08 14:41:27','2020-07-08 14:44:05','','Camp','36.4','10','9','9-90','','','','','','','','',NULL,NULL,NULL),
(214,'Wilber','Paz','2957862481802','M','1996-02-26',24,NULL,'El Rosario',18,'No','Spo2%: 94\nP: 72\nT: 37.2',2,25,114,3,'2020-07-08 14:49:40','2020-07-08 15:12:46','Alfredo','Madrid','32.7','','','Lote 240','','Manzana 15','','','','','','47251146',3,NULL,NULL),
(215,'Wendy ','Reyes','1783144710101','F','1983-02-17',37,NULL,'Maya',18,'','Spo2% 96, fc: 115. Fluido nasal. Perdida del olfato y del gusto. ',2,25,115,3,'2020-07-08 14:54:39','2020-07-08 15:25:24','Cristelda','Pineda','36.0','','','','','manzana 10 lote 691 ','S','','','S','','57706268',2,NULL,NULL),
(216,'Martha','Rosales','1851072141401','F','1948-01-20',72,NULL,'Kaminal Juyu 1',7,'','saturacion 95, frecuencia 74',4,43,58,3,'2020-07-08 15:02:32','2020-07-08 15:27:13','Noemi','Pacheco','36.7','7 calle A','26','26-50','','','S','viven juntos','viven juntos','','','',2,NULL,NULL),
(217,'Aldo','Cantillo','2735 51094 0101','M','1953-08-10',66,'','Caminal Juyu I',7,'','',4,47,59,3,'2020-07-08 15:03:23','2020-07-08 15:16:00','Eliecer','Samaniego','36.2','7 calle A','','26-50','','SpO2 96% FC 58','S','','','S','S','24728131',4,NULL,NULL),
(218,'Raul ','Pineda','1587189680101','M','1983-10-04',38,NULL,'',18,'1587189680101','Spo2% 97, fc: 72. Presión en el pecho. ',2,25,116,3,'2020-07-08 15:29:05','2020-07-08 15:49:37','Estuardo','Galiegos','36.2','','','','','lote 27 manzana 3 Prados de La Lagunia','','','','','','30368905',3,NULL,NULL),
(219,'Jackeline','Lopez','2441663580101','F','1970-12-17',49,NULL,'Carabanchel',11,'','saturacion 93 frecuencia 95',4,43,60,3,'2020-07-08 15:38:18','2020-07-08 17:01:53','Florereinda','Cardona','36.6','9','14','14-23','','','S','','','','','',3,NULL,NULL),
(220,'Mario','López','1842472090101','M','1977-06-19',43,'','El Rosario',18,'No','Se atiende en plataforma por médico y se refiere a hospital más cercano por baja saturación de oxígeno, se le administran 6 litros por minuto, a la espera de la unidad.',2,25,117,3,'2020-07-08 16:02:50','2020-07-08 16:08:28','Alberto','Macario','37.1','33','','25-33 ','Interior 2, Entrada al Rosario','','S','8 días','2 horas','','','22603448',1,NULL,NULL),
(221,'Abner','Hernández','3244809701006','M','2001-09-25',18,NULL,'Altos de Santa María',18,'No','Spo2%: 97 \nP: 69\nT: 36.3',2,25,118,3,'2020-07-09 08:06:11','2020-07-09 08:26:48','Joel','Ramos','36.2','','','Lote 9','','Manzana 33','','','','','','',NULL,NULL,NULL),
(222,'Aura ','De Leon','1604059390101','F','1983-11-07',35,NULL,'San Rafael Buena Vista',18,'','Spo2%: 93, fc: 102. Alergica a la amoxicila. Perdida del gusto.',2,25,119,3,'2020-07-09 08:06:22','2020-07-09 08:24:26','Marina','Romero','36.4','','','','','manzana 9 lote 23 ','S','5 días','Todo el día','','','59487293',3,NULL,NULL),
(223,'Gustavo','Obando','2183188750101','M','1965-07-25',55,NULL,'Hermano Pedro',25,'','spo2%: 92, fc: 95. Perdida del olfato desde hace 4 días. ',2,25,120,3,'2020-07-09 08:11:45','2020-07-09 08:28:21','Amilcar','Muralles','36.0','','','','','km 14.5 Ruta Al atlantico','','','','','','59670987',2,NULL,NULL),
(224,'Luz','Romero ','Refiere no poseerlo ni recordar el número','F','1945-09-20',76,NULL,'San Rafael Buena Vista',18,'No','Spo2%:  95\nP:63\nT: 36.2',2,25,121,3,'2020-07-09 08:12:59','2020-07-09 08:39:03','María','Cruz','36.2','','','Lote 23','','Manzana 9','','','','','','22445657',2,NULL,NULL),
(225,'Thanea','Mendez','2618503930101','F','1979-10-01',40,NULL,'',18,'','Spo2%: 90, fc: 101. ',2,25,122,3,'2020-07-09 08:16:18','2020-07-09 09:00:27','Paola','Jacky','37.0','Real Las Tapeas','','','','Lote 2','','','','','','30182822',3,NULL,NULL),
(226,'Haly','Perez','','F','2011-06-29',9,NULL,'El limon',18,'','Spo2% 90, fc: 133. ',2,25,123,3,'2020-07-09 08:35:58','2020-07-09 08:58:30','Marelyn Sarevi','De Leon','36.6','','','','','lote 171 sector A ','','','','','','45751133',2,NULL,NULL),
(227,'Pedro','Cándilo','2701796900108','M','1956-06-22',65,NULL,'Las Ilusiones',18,'No','Spo2%: 80 \nP: 124\nT: 38.4\nATENDIDO POR EL MÉDICO DEL CENTRO DE BIENESTAR RESPIRATORIO COLONIA MYA ZONA 18.',2,25,124,3,'2020-07-09 08:36:02','2020-07-09 08:40:47','','Vásquez','38.9','','','Lote 6','','Sección C','','','','','','48445533',NULL,NULL,NULL),
(228,'Luis','Valenzuela','1981926810921','M','1974-08-02',45,NULL,'Las ilusiones ',18,'','Spo2% 94, fc: 90. ',2,25,125,3,'2020-07-09 09:18:23','2020-07-09 09:44:41','Ernesto','Sanchez','36.0','','','','','lote 35 seccion G ','','','','','','53639396',2,NULL,NULL),
(229,'Camila ','Ruano','','F','2011-04-02',8,'','Villas del Refugio',18,'','spo2% 99, fc: 122. ',2,25,126,1,'2020-07-09 09:42:07','2020-07-09 09:46:43','Ximena','Muñoz','38.5','17 calle B ','','','','Casa B 17 ','S','1 semana','1 día','','','41745960',NULL,NULL,NULL),
(230,'Fernanda','López','Refiere entregar este dato en las próximas 2hrs.','F','1961-05-01',59,NULL,'Colonia Kenedy',18,'No','So2%: 91\nP: 92\nT:37.4\nÚltima ingesta de Delginas el día 2020-09-08 A las 10am.',2,25,127,6,'2020-07-09 09:43:18','2020-07-09 09:43:31','Felipa','Canté','36.6','17C','','B17','Residencial Vías de Refugio','','S','2020-07-02','5 hrs aproximadamente por día.','','','51211960',3,NULL,NULL),
(231,'Sebastián','Elvira','Menor de edad','M','2006-07-15',14,NULL,'Colonia Kenedy',18,'No','Spo2%: 95\nP: 99\nT: 36.7',2,25,128,2,'2020-07-09 09:50:29','2020-07-09 09:50:39','Enrique','Muñoz','36.2','17B','','B17','Residencial Villas de Refugio','','','','','','','41745960',NULL,NULL,NULL),
(232,'Carlos ','Ruano','','M','2012-02-02',7,NULL,'Villas del Refugio',18,'','spo2% 93, fc: 150. ',2,25,129,1,'2020-07-09 09:51:19',NULL,'Santiago','Muñoz','36.7','17 calle B','','','','casa B 17 ','S','1 semana','1 día','','','41745960',NULL,NULL,NULL);

/*Table structure for table `paciente_verificacion` */

DROP TABLE IF EXISTS `paciente_verificacion`;

CREATE TABLE `paciente_verificacion` (
  `id` int(11) unsigned NOT NULL AUTO_INCREMENT,
  `id_paciente` int(11) unsigned DEFAULT NULL,
  `id_verificacion` int(10) unsigned DEFAULT NULL,
  `comentario` varchar(4000) DEFAULT NULL,
  `marcado` varchar(1) DEFAULT NULL,
  `created_at` datetime DEFAULT NULL,
  PRIMARY KEY (`id`),
  KEY `id_paciente` (`id_paciente`),
  KEY `id_verificacion` (`id_verificacion`),
  CONSTRAINT `paciente_verificacion_ibfk_1` FOREIGN KEY (`id_paciente`) REFERENCES `paciente` (`id`),
  CONSTRAINT `paciente_verificacion_ibfk_2` FOREIGN KEY (`id_verificacion`) REFERENCES `verificacion` (`id`)
) ENGINE=InnoDB AUTO_INCREMENT=915 DEFAULT CHARSET=latin1;

/*Data for the table `paciente_verificacion` */

insert  into `paciente_verificacion`(`id`,`id_paciente`,`id_verificacion`,`comentario`,`marcado`,`created_at`) values 
(72,44,3,'','S','2020-07-01 08:34:04'),
(73,44,4,'','S','2020-07-01 08:34:04'),
(74,44,5,'','S','2020-07-01 08:34:04'),
(75,44,6,'','S','2020-07-01 08:34:04'),
(76,44,12,'','S','2020-07-01 08:34:04'),
(77,44,13,'','S','2020-07-01 08:34:04'),
(78,44,19,'','S','2020-07-01 08:34:04'),
(79,44,32,'','S','2020-07-01 08:34:04'),
(80,45,1,'hace 30 dias','S','2020-07-01 08:47:00'),
(81,45,31,'','S','2020-07-01 08:47:00'),
(82,47,1,'mareos','S','2020-07-01 09:21:11'),
(83,47,3,'resequedad','S','2020-07-01 09:21:11'),
(84,48,27,'','S','2020-07-01 11:12:25'),
(85,50,1,'','S','2020-07-01 14:12:45'),
(86,50,7,'','S','2020-07-01 14:12:45'),
(87,49,1,'','S','2020-07-01 14:15:07'),
(88,49,2,'','S','2020-07-01 14:15:07'),
(89,49,3,'','S','2020-07-01 14:15:07'),
(90,49,4,'','S','2020-07-01 14:15:07'),
(91,49,5,'','S','2020-07-01 14:15:07'),
(92,49,7,'','S','2020-07-01 14:15:07'),
(93,49,9,'','S','2020-07-01 14:15:07'),
(94,49,10,'','S','2020-07-01 14:15:07'),
(95,49,12,'','S','2020-07-01 14:15:07'),
(96,49,13,'','S','2020-07-01 14:15:07'),
(97,49,14,'','S','2020-07-01 14:15:07'),
(98,49,36,'','S','2020-07-01 14:15:07'),
(99,49,27,'','S','2020-07-01 14:15:07'),
(100,49,33,'','S','2020-07-01 14:15:07'),
(101,52,1,'poco, dias anteriores con mucho dolor de cabeza','S','2020-07-02 08:12:52'),
(102,52,3,'desde jueves 18 de junio aproximadamente, en este momento tiene recequedad y le dan ataques de tos.','S','2020-07-02 08:12:52'),
(103,52,4,'','S','2020-07-02 08:12:52'),
(104,52,5,'actualmente le da esporadicamente','S','2020-07-02 08:12:52'),
(105,52,7,'dese el jueves 18, se agita por caminar, actualmente ya no ','S','2020-07-02 08:12:52'),
(106,52,16,'ácido úrico ','S','2020-07-02 08:12:52'),
(107,53,1,'hace seis  dias','S','2020-07-02 08:20:10'),
(108,53,3,'hace seis dias','S','2020-07-02 08:20:10'),
(109,53,6,'hace dos dias','S','2020-07-02 08:20:10'),
(110,54,1,'ayer','S','2020-07-02 08:56:37'),
(111,54,7,'','S','2020-07-02 08:56:37'),
(112,54,14,'','S','2020-07-02 08:56:37'),
(113,54,16,'amígdalas','S','2020-07-02 08:56:37'),
(114,56,1,'empezo el lunes, actualmente se le quito','S','2020-07-02 09:36:04'),
(115,56,3,'padece de mucho amigdalitis, según indica siente inflamada su garganta ','S','2020-07-02 09:36:04'),
(116,56,27,'','S','2020-07-02 09:36:04'),
(117,56,16,'problemas de la tiroides, no especifico','S','2020-07-02 09:36:04'),
(118,57,1,'hace una semana','S','2020-07-02 10:26:42'),
(119,57,3,'hace una semana','S','2020-07-02 10:26:42'),
(120,57,7,'hace una semana','S','2020-07-02 10:26:42'),
(121,58,1,'4 días de evolución','S','2020-07-02 10:27:44'),
(122,58,3,'5 días de evolución','S','2020-07-02 10:27:44'),
(123,58,4,'4 días de evolución','S','2020-07-02 10:27:44'),
(124,59,1,'le duelen los ojos,','S','2020-07-02 10:33:50'),
(125,59,3,'','S','2020-07-02 10:33:50'),
(126,59,4,'','S','2020-07-02 10:33:50'),
(127,59,5,'cuando se le obstruye la nariz','S','2020-07-02 10:33:50'),
(128,59,6,'tuvo dos dias','S','2020-07-02 10:33:50'),
(129,60,1,'3 días de evolucion','S','2020-07-02 10:40:19'),
(130,60,3,'3 dias de evolucion','S','2020-07-02 10:40:19'),
(131,60,4,'3 días de evolución','S','2020-07-02 10:40:19'),
(132,60,5,'3 días de evolución','S','2020-07-02 10:40:19'),
(133,61,1,'4 días de evolución','S','2020-07-02 10:46:44'),
(134,61,3,'3 días de evolución','S','2020-07-02 10:46:44'),
(135,61,4,'3 días de evolución','S','2020-07-02 10:46:44'),
(136,62,2,'hoy en la madrugada presento 38.5, toma acetaminofen','S','2020-07-02 10:57:53'),
(137,62,3,'hoy en la madrugada','S','2020-07-02 10:57:53'),
(138,62,4,'por ratos','S','2020-07-02 10:57:53'),
(139,62,5,'tiene tapada una fosa nasal','S','2020-07-02 10:57:53'),
(140,62,7,'ayer','S','2020-07-02 10:57:53'),
(141,62,14,'','S','2020-07-02 10:57:53'),
(142,63,1,'2 días de evolución','S','2020-07-02 11:00:28'),
(143,63,3,'2 días de evolución','S','2020-07-02 11:00:28'),
(144,64,2,'toma acetaminofen cada 6 horas','S','2020-07-02 11:11:12'),
(145,65,3,'Molestia ','S','2020-07-02 11:54:19'),
(146,66,1,'7 dias','S','2020-07-02 13:33:58'),
(147,66,2,'','S','2020-07-02 13:33:58'),
(148,66,4,'','S','2020-07-02 13:33:58'),
(149,66,5,'7 dias','S','2020-07-02 13:33:58'),
(150,66,6,'hace 4 dias ','S','2020-07-02 13:33:58'),
(151,66,7,'','S','2020-07-02 13:33:58'),
(152,66,29,'','S','2020-07-02 13:33:58'),
(153,66,33,'','S','2020-07-02 13:33:58'),
(154,66,34,'','S','2020-07-02 13:33:58'),
(155,66,35,'','S','2020-07-02 13:33:58'),
(156,70,4,'En las noches','S','2020-07-03 09:44:45'),
(157,70,5,'1 mes y se agrava cuando hay cambio de temperatura ','S','2020-07-03 09:44:45'),
(158,70,24,'37 semanas ','S','2020-07-03 09:44:45'),
(159,71,1,'Desde el día de ayer','S','2020-07-03 10:05:38'),
(160,71,4,'Desde el día de ayer','S','2020-07-03 10:05:38'),
(161,71,7,'Desde el día de ayer','S','2020-07-03 10:05:38'),
(162,69,1,'','S','2020-07-03 10:09:00'),
(163,69,4,'','S','2020-07-03 10:09:00'),
(164,69,7,'','S','2020-07-03 10:09:00'),
(165,72,5,'1 día ','S','2020-07-03 10:57:46'),
(166,72,7,'Desde que empezó con la dificultad respiratoria ','S','2020-07-03 10:57:46'),
(167,72,13,'','S','2020-07-03 10:57:46'),
(168,72,14,'','S','2020-07-03 10:57:46'),
(169,72,18,'No sabe ','S','2020-07-03 10:57:46'),
(174,73,1,'','S','2020-07-03 11:07:52'),
(175,73,3,'','S','2020-07-03 11:07:52'),
(176,73,4,'','S','2020-07-03 11:07:52'),
(177,73,7,'','S','2020-07-03 11:07:52'),
(178,74,2,'38.5 solo un día ','S','2020-07-03 11:22:12'),
(179,74,3,'1 día ','S','2020-07-03 11:22:12'),
(180,74,4,'Por fatiga','S','2020-07-03 11:22:12'),
(181,74,5,'1 día ','S','2020-07-03 11:22:12'),
(182,74,6,'1 día ','S','2020-07-03 11:22:12'),
(183,74,7,'a presentado cansancio en sus actividades diarias ','S','2020-07-03 11:22:12'),
(184,75,4,'3 días ','S','2020-07-03 11:36:31'),
(185,76,4,'tos seca sin flema','S','2020-07-03 12:10:51'),
(186,76,5,'una semana con la molestia','S','2020-07-03 12:10:51'),
(187,76,7,'','S','2020-07-03 12:10:51'),
(188,77,4,'','S','2020-07-03 12:23:34'),
(189,78,2,'','S','2020-07-03 12:57:53'),
(190,78,36,'','S','2020-07-03 12:57:53'),
(191,79,1,'3 días ','S','2020-07-03 13:19:53'),
(192,79,2,'Ayer desde las 6 de la tarde hasta las 9 de la noche ','S','2020-07-03 13:19:53'),
(193,79,3,'3 días','S','2020-07-03 13:19:53'),
(194,79,4,'3 Días ','S','2020-07-03 13:19:53'),
(195,79,5,'4 días ','S','2020-07-03 13:19:53'),
(196,79,7,'Fatiga al caminar ','S','2020-07-03 13:19:53'),
(197,79,14,'','S','2020-07-03 13:19:53'),
(198,80,1,'','S','2020-07-03 13:59:04'),
(199,80,2,'','S','2020-07-03 13:59:04'),
(200,80,3,'','S','2020-07-03 13:59:04'),
(201,80,4,'','S','2020-07-03 13:59:04'),
(202,80,5,'','S','2020-07-03 13:59:04'),
(203,80,6,'','S','2020-07-03 13:59:04'),
(204,80,7,'','S','2020-07-03 13:59:04'),
(205,81,1,'4 días ','S','2020-07-03 14:15:58'),
(206,81,2,'4 días ','S','2020-07-03 14:15:58'),
(207,81,3,'2 días ','S','2020-07-03 14:15:58'),
(208,81,5,'En las noches','S','2020-07-03 14:15:58'),
(209,82,1,'Solo al tocer','S','2020-07-03 14:19:49'),
(210,82,2,'3 días','S','2020-07-03 14:19:49'),
(211,82,4,'3 días ','S','2020-07-03 14:19:49'),
(212,83,4,'','S','2020-07-03 14:21:20'),
(213,83,18,'','S','2020-07-03 14:21:20'),
(214,84,1,'3 días ','S','2020-07-03 14:26:19'),
(215,84,2,'3 días ','S','2020-07-03 14:26:19'),
(216,84,3,'3 días ','S','2020-07-03 14:26:19'),
(217,84,4,'3 días ','S','2020-07-03 14:26:19'),
(218,85,1,'Desde el pasado domingo 2020-06-28','S','2020-07-03 15:21:50'),
(219,85,2,'Desde el pasado domingo 2020-06-28','S','2020-07-03 15:21:50'),
(220,85,3,'Desde el pasado domingo 2020-06-28','S','2020-07-03 15:21:50'),
(221,85,4,'Desde el pasado domingo 2020-06-28','S','2020-07-03 15:21:50'),
(222,85,5,'Desde el pasado domingo 2020-06-28','S','2020-07-03 15:21:50'),
(223,85,7,'Desde el pasado domingo 2020-06-28','S','2020-07-03 15:21:50'),
(224,85,9,'','S','2020-07-03 15:21:50'),
(225,85,14,'','S','2020-07-03 15:21:50'),
(226,86,1,'Desde el 2020-07-01','S','2020-07-03 15:57:38'),
(227,86,6,'Desde el 2020-07-01','S','2020-07-03 15:57:38'),
(228,86,17,'','S','2020-07-03 15:57:38'),
(229,87,3,'','S','2020-07-04 09:43:58'),
(230,87,4,'','S','2020-07-04 09:43:58'),
(231,87,7,'','S','2020-07-04 09:43:58'),
(232,87,12,'','S','2020-07-04 09:43:58'),
(233,87,18,'','S','2020-07-04 09:43:58'),
(234,88,3,'','S','2020-07-04 10:19:18'),
(235,88,6,'','S','2020-07-04 10:19:18'),
(236,88,12,'','S','2020-07-04 10:19:18'),
(237,88,13,'','S','2020-07-04 10:19:18'),
(238,88,34,'','S','2020-07-04 10:19:18'),
(239,89,1,'','S','2020-07-04 10:50:14'),
(240,89,2,'','S','2020-07-04 10:50:14'),
(241,89,3,'','S','2020-07-04 10:50:14'),
(242,89,8,'','S','2020-07-04 10:50:14'),
(243,89,9,'','S','2020-07-04 10:50:14'),
(244,89,10,'','S','2020-07-04 10:50:14'),
(245,89,11,'','S','2020-07-04 10:50:14'),
(246,89,12,'','S','2020-07-04 10:50:14'),
(247,89,13,'','S','2020-07-04 10:50:14'),
(248,89,14,'','S','2020-07-04 10:50:14'),
(249,89,28,'','S','2020-07-04 10:50:14'),
(250,89,29,'','S','2020-07-04 10:50:14'),
(251,89,30,'','S','2020-07-04 10:50:14'),
(265,90,1,'','S','2020-07-04 11:05:01'),
(266,90,2,'','S','2020-07-04 11:05:01'),
(267,90,3,'','S','2020-07-04 11:05:01'),
(268,90,4,'','S','2020-07-04 11:05:01'),
(269,90,5,'','S','2020-07-04 11:05:01'),
(270,90,6,'','S','2020-07-04 11:05:01'),
(271,90,7,'','S','2020-07-04 11:05:01'),
(272,90,9,'','S','2020-07-04 11:05:01'),
(273,90,10,'','S','2020-07-04 11:05:01'),
(274,90,14,'','S','2020-07-04 11:05:01'),
(275,90,18,'','S','2020-07-04 11:05:01'),
(276,90,26,'','S','2020-07-04 11:05:01'),
(277,90,33,'','S','2020-07-04 11:05:01'),
(278,92,4,'','S','2020-07-06 07:07:54'),
(279,92,7,'','S','2020-07-06 07:07:54'),
(280,92,10,'','S','2020-07-06 07:07:54'),
(281,92,14,'','S','2020-07-06 07:07:54'),
(282,92,37,'','S','2020-07-06 07:07:54'),
(283,92,19,'','S','2020-07-06 07:07:54'),
(284,92,23,'','S','2020-07-06 07:07:54'),
(285,92,26,'','S','2020-07-06 07:07:54'),
(286,93,3,'','S','2020-07-06 07:10:59'),
(287,93,4,'','S','2020-07-06 07:10:59'),
(288,93,6,'','S','2020-07-06 07:10:59'),
(289,93,8,'','S','2020-07-06 07:10:59'),
(290,93,13,'','S','2020-07-06 07:10:59'),
(291,93,18,'','S','2020-07-06 07:10:59'),
(292,93,20,'','S','2020-07-06 07:10:59'),
(293,93,34,'','S','2020-07-06 07:10:59'),
(294,94,1,'una semana','S','2020-07-06 07:51:38'),
(295,94,8,'','S','2020-07-06 07:51:38'),
(296,94,17,'','S','2020-07-06 07:51:38'),
(304,96,1,'8 días ','S','2020-07-06 08:05:46'),
(305,96,3,'1 día','S','2020-07-06 08:05:46'),
(306,96,6,'2 días ','S','2020-07-06 08:05:46'),
(307,95,1,'4','S','2020-07-06 08:06:11'),
(308,95,10,'','S','2020-07-06 08:06:11'),
(309,95,11,'','S','2020-07-06 08:06:11'),
(310,95,13,'','S','2020-07-06 08:06:11'),
(311,95,20,'','S','2020-07-06 08:06:11'),
(312,95,22,'','S','2020-07-06 08:06:11'),
(313,95,32,'','S','2020-07-06 08:06:11'),
(314,97,3,'','S','2020-07-06 08:07:43'),
(315,97,6,'','S','2020-07-06 08:07:43'),
(316,97,24,'','S','2020-07-06 08:07:43'),
(317,98,1,'8 días ','S','2020-07-06 08:13:20'),
(318,98,2,'hace dos días ','S','2020-07-06 08:13:20'),
(319,98,3,'8 días ','S','2020-07-06 08:13:20'),
(320,98,4,'8 días ','S','2020-07-06 08:13:20'),
(321,98,5,'8 días ','S','2020-07-06 08:13:20'),
(322,98,7,'Cuando camina','S','2020-07-06 08:13:20'),
(323,98,8,'','S','2020-07-06 08:13:20'),
(324,98,9,'','S','2020-07-06 08:13:20'),
(325,98,12,'','S','2020-07-06 08:13:20'),
(326,98,13,'','S','2020-07-06 08:13:20'),
(327,98,15,'','S','2020-07-06 08:13:20'),
(328,100,5,'','S','2020-07-06 09:39:35'),
(329,100,6,'','S','2020-07-06 09:39:35'),
(330,100,13,'','S','2020-07-06 09:39:35'),
(331,100,14,'','S','2020-07-06 09:39:35'),
(332,100,26,'','S','2020-07-06 09:39:35'),
(333,100,27,'','S','2020-07-06 09:39:35'),
(334,100,32,'','S','2020-07-06 09:39:35'),
(335,101,3,'','S','2020-07-06 09:42:15'),
(336,101,5,'','S','2020-07-06 09:42:15'),
(337,101,6,'','S','2020-07-06 09:42:15'),
(338,101,18,'','S','2020-07-06 09:42:15'),
(339,101,21,'','S','2020-07-06 09:42:15'),
(340,101,34,'','S','2020-07-06 09:42:15'),
(341,103,1,'Desde 2020-06-29','S','2020-07-06 10:17:37'),
(342,103,2,'2020-06-29Desde ','S','2020-07-06 10:17:37'),
(343,103,5,'Desde 2020-07-03','S','2020-07-06 10:17:37'),
(348,105,1,'10 días, no persiste el dolor, es por ratos ','S','2020-07-06 10:23:22'),
(349,105,3,'1 mes ','S','2020-07-06 10:23:22'),
(350,105,4,'20 días, tos con flema ','S','2020-07-06 10:23:22'),
(351,105,5,'1 mes ','S','2020-07-06 10:23:22'),
(352,105,6,'Hace un mes, le duro por 8 días ','S','2020-07-06 10:23:22'),
(353,105,7,'Cuando camina ','S','2020-07-06 10:23:22'),
(354,105,15,'','S','2020-07-06 10:23:22'),
(355,105,20,'','S','2020-07-06 10:23:22'),
(356,105,21,'Esta en examenes de posible asma o neumonia ','S','2020-07-06 10:23:22'),
(357,105,27,'','S','2020-07-06 10:23:22'),
(358,104,1,'leve, por 48 horas','S','2020-07-06 10:44:01'),
(359,104,3,'24 horas','S','2020-07-06 10:44:01'),
(360,104,4,'','S','2020-07-06 10:44:01'),
(361,104,14,'','S','2020-07-06 10:44:01'),
(362,106,3,'Hace 12 días empezó y le duro 4 días ','S','2020-07-06 10:46:56'),
(363,106,7,'Al caminar ','S','2020-07-06 10:46:56'),
(364,106,27,'','S','2020-07-06 10:46:56'),
(365,107,1,'Desde 2020-06-25','S','2020-07-06 11:00:29'),
(366,107,2,'Desde 2020-06-25','S','2020-07-06 11:00:29'),
(367,107,3,'Desde 2020-06-25','S','2020-07-06 11:00:29'),
(368,107,4,'Desde 2020-06-25','S','2020-07-06 11:00:29'),
(369,107,5,'Desde 2020-06-25','S','2020-07-06 11:00:29'),
(370,107,6,'Desde 2020-06-25','S','2020-07-06 11:00:29'),
(371,107,7,'Desde 2020-06-25','S','2020-07-06 11:00:29'),
(372,107,9,'','S','2020-07-06 11:00:29'),
(373,107,13,'','S','2020-07-06 11:00:29'),
(374,107,14,'','S','2020-07-06 11:00:29'),
(378,108,1,'1 semana','S','2020-07-06 11:03:09'),
(379,108,6,'Hace 2 semanas ','S','2020-07-06 11:03:09'),
(380,108,7,'Agitado','S','2020-07-06 11:03:09'),
(381,109,37,'','S','2020-07-06 11:13:23'),
(382,109,18,'','S','2020-07-06 11:13:23'),
(383,110,1,'dolor de cabeza 48 horas','S','2020-07-06 11:29:01'),
(384,110,4,'inicio hace 48 horas','S','2020-07-06 11:29:01'),
(385,110,6,'','S','2020-07-06 11:29:01'),
(386,111,1,'Desde 2020-06-26','S','2020-07-06 11:32:15'),
(387,111,3,'Desde 2020-06-26','S','2020-07-06 11:32:15'),
(388,111,4,'Desde 2020-06-25','S','2020-07-06 11:32:15'),
(389,112,2,'','S','2020-07-06 11:38:19'),
(390,112,4,'','S','2020-07-06 11:38:19'),
(391,112,36,'','S','2020-07-06 11:38:19'),
(392,112,17,'','S','2020-07-06 11:38:19'),
(393,113,3,'Desde 2020-07-03','S','2020-07-06 11:43:00'),
(394,115,1,'Desde 2020-07-02','S','2020-07-06 12:08:06'),
(395,115,3,'Desde 2020-07-02','S','2020-07-06 12:08:06'),
(396,115,4,'Desde 2020-07-01','S','2020-07-06 12:08:06'),
(397,115,5,'Desde 2020-07-02','S','2020-07-06 12:08:06'),
(398,115,6,'Desde 2020-07-02','S','2020-07-06 12:08:06'),
(399,115,7,'Desde 2020-07-02','S','2020-07-06 12:08:06'),
(400,116,1,'','S','2020-07-06 12:09:29'),
(401,116,2,'','S','2020-07-06 12:09:29'),
(402,116,3,'','S','2020-07-06 12:09:29'),
(403,116,5,'','S','2020-07-06 12:09:29'),
(404,116,7,'','S','2020-07-06 12:09:29'),
(405,116,9,'','S','2020-07-06 12:09:29'),
(406,116,27,'','S','2020-07-06 12:09:29'),
(407,117,5,'Hace 8 días presentó, con 3 días de evolución','S','2020-07-06 12:19:35'),
(408,117,7,'hace 8 días presentó, con 3 días de evolución','S','2020-07-06 12:19:35'),
(409,117,27,'','S','2020-07-06 12:19:35'),
(410,118,3,'','S','2020-07-06 12:45:28'),
(411,118,4,'','S','2020-07-06 12:45:28'),
(412,118,17,'','S','2020-07-06 12:45:28'),
(413,119,2,'','S','2020-07-06 12:49:29'),
(414,119,4,'','S','2020-07-06 12:49:29'),
(415,120,1,'Por ratos ','S','2020-07-06 13:01:52'),
(416,120,5,'9 días ','S','2020-07-06 13:01:52'),
(417,120,9,'','S','2020-07-06 13:01:52'),
(418,121,1,'hace 48 horas','S','2020-07-06 13:22:13'),
(419,121,3,'','S','2020-07-06 13:22:13'),
(420,121,4,'','S','2020-07-06 13:22:13'),
(421,121,5,'','S','2020-07-06 13:22:13'),
(422,121,7,'','S','2020-07-06 13:22:13'),
(423,122,1,'','S','2020-07-06 13:27:31'),
(424,122,5,'','S','2020-07-06 13:27:31'),
(425,122,7,'','S','2020-07-06 13:27:31'),
(426,122,29,'','S','2020-07-06 13:27:31'),
(427,123,1,'Leve, con 1 día de evolución','S','2020-07-06 13:50:57'),
(428,123,2,'Hoy en la mañana ','S','2020-07-06 13:50:57'),
(429,123,3,'3 días','S','2020-07-06 13:50:57'),
(430,123,4,'3 días ','S','2020-07-06 13:50:57'),
(431,124,3,'Desde 2020-07-01','S','2020-07-06 14:06:27'),
(432,124,4,'Desde 2020-07-01','S','2020-07-06 14:06:27'),
(433,124,9,'','S','2020-07-06 14:06:27'),
(437,125,1,'Desde 2020-07-02','S','2020-07-06 14:45:17'),
(438,125,5,'Desde 2020-07-04','S','2020-07-06 14:45:17'),
(439,125,6,'Desde 2020-07-06','S','2020-07-06 14:45:17'),
(440,126,1,'1 semana todos los días ','S','2020-07-06 14:57:56'),
(441,126,3,'10 días ','S','2020-07-06 14:57:56'),
(442,126,5,'1 semana, solo una fosa nasal tapada ','S','2020-07-06 14:57:56'),
(443,126,6,'ayer todo el día ','S','2020-07-06 14:57:56'),
(444,126,7,'Al caminar y siente fuerza en el pecho','S','2020-07-06 14:57:56'),
(445,126,18,'','S','2020-07-06 14:57:56'),
(446,127,1,'','S','2020-07-06 15:10:56'),
(447,127,3,'','S','2020-07-06 15:10:56'),
(448,127,4,'','S','2020-07-06 15:10:56'),
(449,127,5,'paciente asmatico','S','2020-07-06 15:10:56'),
(450,128,1,'por 7 dias','','2020-07-06 15:11:01'),
(451,128,3,'por mas de 7 dias','S','2020-07-06 15:11:01'),
(452,128,4,'','S','2020-07-06 15:11:01'),
(453,128,5,'por mas de 8 horas ','S','2020-07-06 15:11:01'),
(454,128,6,'','S','2020-07-06 15:11:01'),
(455,128,7,'','S','2020-07-06 15:11:01'),
(456,129,1,'','S','2020-07-06 15:23:43'),
(457,129,2,'','S','2020-07-06 15:23:43'),
(458,129,3,'Irritacion de garganta','','2020-07-06 15:23:43'),
(459,129,4,'','S','2020-07-06 15:23:43'),
(460,129,5,'Inicio hoy','S','2020-07-06 15:23:43'),
(461,129,7,'','S','2020-07-06 15:23:43'),
(462,129,9,'','S','2020-07-06 15:23:43'),
(463,130,1,'1 semana con dolor de cabeza','S','2020-07-07 08:05:21'),
(464,130,3,'3 días ','S','2020-07-07 08:05:21'),
(465,130,5,'Congestión nasal, y hace una semana tuvo goteo de nariz ','S','2020-07-07 08:05:21'),
(466,130,7,'Fatiga al caminar ','S','2020-07-07 08:05:21'),
(467,131,1,'leve cuando tiene congestion ','S','2020-07-07 08:12:14'),
(468,131,3,'Muy de vez en cuando ','S','2020-07-07 08:12:14'),
(469,131,4,'21 días con flema ','S','2020-07-07 08:12:14'),
(479,133,1,'','S','2020-07-07 08:25:25'),
(480,133,2,'','S','2020-07-07 08:25:25'),
(481,133,3,'Dolor no sólo irritación ','S','2020-07-07 08:25:25'),
(482,133,4,'','S','2020-07-07 08:25:25'),
(483,133,5,'En la noche ','S','2020-07-07 08:25:25'),
(484,133,7,'','S','2020-07-07 08:25:25'),
(497,134,2,'','S','2020-07-07 08:31:13'),
(498,134,4,'','S','2020-07-07 08:31:13'),
(499,134,6,'','S','2020-07-07 08:31:13'),
(500,135,1,'hace 3 días empezo y cada día a ido disminuyendo. ','S','2020-07-07 08:32:43'),
(501,135,4,'3 días ','S','2020-07-07 08:32:43'),
(502,135,5,'3 días. Fosas nasales tapadas.','S','2020-07-07 08:32:43'),
(503,132,1,'20 días ','S','2020-07-07 08:46:46'),
(504,132,3,'20 días ','S','2020-07-07 08:46:46'),
(505,132,4,'15 días ','S','2020-07-07 08:46:46'),
(506,132,5,'15 días ','S','2020-07-07 08:46:46'),
(507,132,7,'15 días ','S','2020-07-07 08:46:46'),
(508,132,8,'','S','2020-07-07 08:46:46'),
(509,132,13,'','S','2020-07-07 08:46:46'),
(510,132,14,'','S','2020-07-07 08:46:46'),
(511,132,15,'','S','2020-07-07 08:46:46'),
(512,136,1,'','S','2020-07-07 08:50:03'),
(513,136,6,'','S','2020-07-07 08:50:03'),
(514,136,7,'','S','2020-07-07 08:50:03'),
(515,136,29,'','S','2020-07-07 08:50:03'),
(516,137,1,'','S','2020-07-07 08:58:29'),
(517,137,3,'','S','2020-07-07 08:58:29'),
(518,137,4,'','S','2020-07-07 08:58:29'),
(519,137,5,'','S','2020-07-07 08:58:29'),
(520,138,1,'Y dolor muscular de espalda','S','2020-07-07 09:07:11'),
(521,138,3,'','S','2020-07-07 09:07:11'),
(522,140,1,'','S','2020-07-07 09:14:45'),
(523,140,4,'','S','2020-07-07 09:14:45'),
(524,140,15,'','S','2020-07-07 09:14:45'),
(525,140,27,'','S','2020-07-07 09:14:45'),
(526,141,1,'3 días ','S','2020-07-07 09:40:41'),
(527,141,3,'1 día ','S','2020-07-07 09:40:41'),
(528,141,4,'1 día','S','2020-07-07 09:40:41'),
(529,141,5,'1 día','S','2020-07-07 09:40:41'),
(530,141,33,'','S','2020-07-07 09:40:41'),
(531,142,4,'','S','2020-07-07 09:45:16'),
(532,142,5,'','S','2020-07-07 09:45:16'),
(533,142,6,'','S','2020-07-07 09:45:16'),
(534,142,18,'','S','2020-07-07 09:45:16'),
(535,143,1,'','S','2020-07-07 09:50:02'),
(536,143,2,'','S','2020-07-07 09:50:02'),
(537,143,3,'','S','2020-07-07 09:50:02'),
(538,143,4,'','S','2020-07-07 09:50:02'),
(539,143,6,'','S','2020-07-07 09:50:02'),
(540,143,7,'','S','2020-07-07 09:50:02'),
(541,144,1,'1 semana ','S','2020-07-07 09:59:04'),
(542,144,2,'hace 5 días ','S','2020-07-07 09:59:04'),
(543,145,2,'48 horas','S','2020-07-07 10:37:10'),
(544,145,4,'','S','2020-07-07 10:37:10'),
(545,145,7,'','S','2020-07-07 10:37:10'),
(546,145,16,'Calculo renal','','2020-07-07 10:37:10'),
(547,146,1,'1 semana','S','2020-07-07 10:37:16'),
(548,146,2,'Hace 1 semana pero solo un día llego a 40.','S','2020-07-07 10:37:16'),
(549,146,3,'1 semana','S','2020-07-07 10:37:16'),
(550,146,4,'1 semana','S','2020-07-07 10:37:16'),
(551,146,5,'1 semana','S','2020-07-07 10:37:16'),
(552,146,6,'1 semana','S','2020-07-07 10:37:16'),
(553,146,7,'Al hablar','S','2020-07-07 10:37:16'),
(554,146,8,'','S','2020-07-07 10:37:16'),
(555,146,9,'','S','2020-07-07 10:37:16'),
(556,146,27,'','S','2020-07-07 10:37:16'),
(557,147,1,'5 días ','S','2020-07-07 10:46:17'),
(558,147,5,'5 días ','S','2020-07-07 10:46:17'),
(559,147,7,'Al caminar ','S','2020-07-07 10:46:17'),
(560,148,4,'Desde 2020-07-04','S','2020-07-07 10:49:57'),
(561,148,5,'Desde 2020-07-04','S','2020-07-07 10:49:57'),
(562,148,7,'Desde 2020-07-04','S','2020-07-07 10:49:57'),
(563,148,27,'','S','2020-07-07 10:49:57'),
(564,149,1,'','S','2020-07-07 10:53:08'),
(565,149,3,'','S','2020-07-07 10:53:08'),
(566,149,17,'','S','2020-07-07 10:53:08'),
(567,150,3,'1 día ','S','2020-07-07 10:57:09'),
(568,150,15,'','S','2020-07-07 10:57:09'),
(569,151,1,'Desde 2020-07-04','S','2020-07-07 10:58:00'),
(570,151,15,'','S','2020-07-07 10:58:00'),
(571,152,3,'','S','2020-07-07 10:58:04'),
(572,152,4,'','S','2020-07-07 10:58:04'),
(573,153,1,'Hace 1 día','S','2020-07-07 11:02:50'),
(574,153,2,'2 días ','S','2020-07-07 11:02:50'),
(575,153,27,'','S','2020-07-07 11:02:50'),
(576,154,2,'','S','2020-07-07 11:03:32'),
(577,154,5,'','S','2020-07-07 11:03:32'),
(578,154,7,'','S','2020-07-07 11:03:32'),
(579,154,27,'','S','2020-07-07 11:03:32'),
(580,156,3,'','S','2020-07-07 11:23:34'),
(581,156,5,'','S','2020-07-07 11:23:34'),
(582,156,7,'','S','2020-07-07 11:23:34'),
(583,156,27,'','S','2020-07-07 11:23:34'),
(584,157,2,'','S','2020-07-07 11:26:47'),
(585,157,4,'','S','2020-07-07 11:26:47'),
(586,157,18,'','S','2020-07-07 11:26:47'),
(587,158,1,'3 días ','S','2020-07-07 11:27:51'),
(588,158,4,'3 días, mas que todo en las noches. ','S','2020-07-07 11:27:51'),
(589,158,16,'colesterol, trigliceridos, ácido úrico ','S','2020-07-07 11:27:51'),
(590,159,1,'Desde 2020-07-05','S','2020-07-07 11:30:08'),
(591,159,18,'No refiere el tipo','S','2020-07-07 11:30:08'),
(592,160,3,'Por dos semanas','S','2020-07-07 11:33:45'),
(593,160,4,'','S','2020-07-07 11:33:45'),
(594,160,5,'','S','2020-07-07 11:33:45'),
(595,160,6,'3 días','S','2020-07-07 11:33:45'),
(596,161,6,'2 días ','S','2020-07-07 11:34:25'),
(597,162,1,'','S','2020-07-07 11:40:51'),
(598,162,2,'','S','2020-07-07 11:40:51'),
(599,162,3,'','S','2020-07-07 11:40:51'),
(600,162,4,'','S','2020-07-07 11:40:51'),
(601,162,5,'','S','2020-07-07 11:40:51'),
(602,162,6,'','S','2020-07-07 11:40:51'),
(603,162,7,'','S','2020-07-07 11:40:51'),
(604,162,9,'','S','2020-07-07 11:40:51'),
(605,162,27,'','S','2020-07-07 11:40:51'),
(606,163,1,'','S','2020-07-07 12:36:04'),
(607,163,4,'tuvo tos hace cinco días, en estos momentos no','S','2020-07-07 12:36:04'),
(608,163,18,'no sabe','S','2020-07-07 12:36:04'),
(609,164,1,'Desde 2020-07-06\nEVA 5/10\n','S','2020-07-07 12:37:11'),
(610,164,3,'Desde 2020-07-06','S','2020-07-07 12:37:11'),
(611,164,4,'Desde 2020-07-06','S','2020-07-07 12:37:11'),
(612,164,18,'No refiere el tipo','S','2020-07-07 12:37:11'),
(613,164,16,'Amigdalitis crónica.','S','2020-07-07 12:37:11'),
(614,165,1,'','S','2020-07-07 12:44:05'),
(615,165,3,'leve','S','2020-07-07 12:44:05'),
(616,165,4,'','S','2020-07-07 12:44:05'),
(617,165,5,'','S','2020-07-07 12:44:05'),
(618,165,7,'','S','2020-07-07 12:44:05'),
(619,166,1,'Desde 2020-07-05','S','2020-07-07 12:47:43'),
(620,166,3,'Desde 2020-07-05','S','2020-07-07 12:47:43'),
(621,166,4,'Desde 2020-07-05','S','2020-07-07 12:47:43'),
(622,167,1,'6 días ','S','2020-07-07 13:00:17'),
(623,167,2,'6 días','S','2020-07-07 13:00:17'),
(624,167,3,'3 días ','S','2020-07-07 13:00:17'),
(625,167,4,'1 día, tos seca ','S','2020-07-07 13:00:17'),
(626,167,5,'3 días ','S','2020-07-07 13:00:17'),
(627,167,20,'Arritmia','S','2020-07-07 13:00:17'),
(628,168,3,'','S','2020-07-07 13:17:48'),
(629,168,4,'','S','2020-07-07 13:17:48'),
(630,168,5,'al hablar','S','2020-07-07 13:17:48'),
(631,168,14,'','S','2020-07-07 13:17:48'),
(632,169,2,'2020-07-05 Por 2 horas aproximadamente','S','2020-07-07 13:18:48'),
(633,169,4,'Desde 2020-07-05','S','2020-07-07 13:18:48'),
(634,169,15,'','S','2020-07-07 13:18:48'),
(635,169,18,'2','S','2020-07-07 13:18:48'),
(636,169,27,'','S','2020-07-07 13:18:48'),
(637,170,1,'Desde 2020-06-30\nEVA 5/10','S','2020-07-07 13:35:47'),
(638,170,4,'','S','2020-07-07 13:35:47'),
(639,170,5,'Desde 2020-07-04','S','2020-07-07 13:35:47'),
(640,170,6,'2020-07-05','S','2020-07-07 13:35:47'),
(641,170,36,'','S','2020-07-07 13:35:47'),
(642,171,3,'Desde 2020-07-06','S','2020-07-07 14:19:04'),
(643,171,7,'Desde 2020-07-07','S','2020-07-07 14:19:04'),
(644,172,2,'','S','2020-07-07 14:43:35'),
(645,172,3,'','S','2020-07-07 14:43:35'),
(646,172,4,'','S','2020-07-07 14:43:35'),
(647,172,7,'','S','2020-07-07 14:43:35'),
(648,173,1,'1 semana ','S','2020-07-07 14:54:13'),
(649,173,18,'','S','2020-07-07 14:54:13'),
(650,173,27,'','S','2020-07-07 14:54:13'),
(651,174,1,'','S','2020-07-08 08:07:41'),
(652,174,3,'por dos semanas','S','2020-07-08 08:07:41'),
(653,174,5,'','S','2020-07-08 08:07:41'),
(654,174,6,'diarrea intermitente un dia si otro no','S','2020-07-08 08:07:41'),
(655,174,7,'','S','2020-07-08 08:07:41'),
(656,174,18,'','S','2020-07-08 08:07:41'),
(657,175,2,'','S','2020-07-08 08:09:07'),
(658,175,3,'','S','2020-07-08 08:09:07'),
(659,175,4,'','S','2020-07-08 08:09:07'),
(660,175,5,'','S','2020-07-08 08:09:07'),
(661,175,6,'','S','2020-07-08 08:09:07'),
(662,175,7,'','S','2020-07-08 08:09:07'),
(663,175,9,'','S','2020-07-08 08:09:07'),
(664,176,1,'2 días','S','2020-07-08 08:23:48'),
(665,176,3,'1 día','S','2020-07-08 08:23:48'),
(666,176,24,'12 semanas ','S','2020-07-08 08:23:48'),
(667,177,3,'Desde 2020-07-06','S','2020-07-08 08:25:47'),
(668,177,4,'Desde 2020-07-05','S','2020-07-08 08:25:47'),
(669,177,5,'Desde 2020-07-07','S','2020-07-08 08:25:47'),
(670,177,7,'Desde 2020-07-05','S','2020-07-08 08:25:47'),
(671,177,9,'','S','2020-07-08 08:25:47'),
(672,178,1,'Desde 2020-07-04','S','2020-07-08 08:43:55'),
(673,178,4,'Desde 2020-07-04','S','2020-07-08 08:43:55'),
(674,178,5,'Desde 2020-07-04','S','2020-07-08 08:43:55'),
(675,178,7,'Desde 2020-06-27','S','2020-07-08 08:43:55'),
(676,179,1,'24 horas dolor','S','2020-07-08 09:16:55'),
(677,179,3,'','S','2020-07-08 09:16:55'),
(678,179,15,'','S','2020-07-08 09:16:55'),
(686,180,1,'Desde 2020-07-01','S','2020-07-08 09:24:38'),
(687,180,2,'Desde 2020-07-01','S','2020-07-08 09:24:38'),
(688,180,3,'Desde 2020-07-01','S','2020-07-08 09:24:38'),
(689,180,4,'Desde 2020-07-01','S','2020-07-08 09:24:38'),
(690,180,5,'Desde 2020-07-01','S','2020-07-08 09:24:38'),
(691,180,6,'2020-07-05','S','2020-07-08 09:24:38'),
(692,180,7,'Desde 2020-07-01','S','2020-07-08 09:24:38'),
(693,181,1,'','S','2020-07-08 09:33:56'),
(694,181,2,'','S','2020-07-08 09:33:56'),
(695,181,3,'','S','2020-07-08 09:33:56'),
(696,181,7,'','S','2020-07-08 09:33:56'),
(697,182,2,'','S','2020-07-08 09:41:44'),
(698,182,3,'','S','2020-07-08 09:41:44'),
(699,182,7,'','S','2020-07-08 09:41:44'),
(700,183,1,'','S','2020-07-08 09:50:21'),
(701,183,2,'desde hace 48 horas','S','2020-07-08 09:50:21'),
(702,183,3,'','S','2020-07-08 09:50:21'),
(703,183,4,'','S','2020-07-08 09:50:21'),
(704,183,5,'','S','2020-07-08 09:50:21'),
(705,184,4,'la ultima semana, tos seca','S','2020-07-08 10:04:41'),
(706,184,6,'','S','2020-07-08 10:04:41'),
(707,185,1,'4 días','S','2020-07-08 10:11:27'),
(708,185,5,'4 días ','S','2020-07-08 10:11:27'),
(709,185,7,'Estando sentada','S','2020-07-08 10:11:27'),
(710,186,1,'dolor de cabeza por 72 horas','S','2020-07-08 10:37:43'),
(711,186,2,'llego a 39 por dos días la semana pasada','S','2020-07-08 10:37:43'),
(712,186,3,'ultimas 48 horas','S','2020-07-08 10:37:43'),
(713,186,4,'desde hace 5 dias','S','2020-07-08 10:37:43'),
(714,186,5,'','S','2020-07-08 10:37:43'),
(715,186,6,'diarrea por dos dias la semana pasada, en las ultimas 48 horas no la presenta','S','2020-07-08 10:37:43'),
(716,187,1,'Desde 2020-07-02','S','2020-07-08 10:40:12'),
(717,187,2,'2020-07-02','S','2020-07-08 10:40:12'),
(718,187,4,'Desde 2020-07-06','S','2020-07-08 10:40:12'),
(719,188,5,'Desde 2020-07-07','S','2020-07-08 10:59:26'),
(720,188,7,'Desde 2020-07-07','S','2020-07-08 10:59:26'),
(721,188,21,'Asma','S','2020-07-08 10:59:26'),
(722,188,16,'Gastritis','S','2020-07-08 10:59:26'),
(723,189,5,'5 días ','S','2020-07-08 11:06:17'),
(724,189,29,'','S','2020-07-08 11:06:17'),
(725,190,1,'4 dias con dolor de cabeza','S','2020-07-08 11:17:23'),
(726,190,17,'','S','2020-07-08 11:17:23'),
(727,190,18,'','S','2020-07-08 11:17:23'),
(728,191,1,'Hace 4 días tuvo dolor fuerte. ','S','2020-07-08 11:18:52'),
(729,191,2,'Hace 1 semana tuvo 38.5 por 3 días seguidos. ','S','2020-07-08 11:18:52'),
(730,191,6,'Hace 2 días ','S','2020-07-08 11:18:52'),
(731,191,36,'','S','2020-07-08 11:18:52'),
(732,192,6,'12 horas','S','2020-07-08 11:25:10'),
(733,192,17,'','S','2020-07-08 11:25:10'),
(734,193,1,'Desde el 2020-07-04','S','2020-07-08 11:26:39'),
(735,193,2,'Desde el 2020-07-04 Durante 24hrs hasta ingesta de Acetaminofen e Ibuprofeno.','S','2020-07-08 11:26:39'),
(736,193,4,'Desde el 2020-07-04','S','2020-07-08 11:26:39'),
(737,193,7,'Desde 2020-07-02','S','2020-07-08 11:26:39'),
(738,194,1,'3 días','S','2020-07-08 11:28:29'),
(739,194,2,'Hace dos días tuvo temperatura de 38.1','S','2020-07-08 11:28:29'),
(740,194,3,'1 día','S','2020-07-08 11:28:29'),
(741,194,6,'3 días. ','S','2020-07-08 11:28:29'),
(742,195,4,'En las noches, tos seca. ','S','2020-07-08 11:38:55'),
(743,195,5,'5 días ','S','2020-07-08 11:38:55'),
(744,195,7,'5 días. ','S','2020-07-08 11:38:55'),
(745,196,1,'','S','2020-07-08 11:45:18'),
(746,196,2,'','S','2020-07-08 11:45:18'),
(747,196,3,'','S','2020-07-08 11:45:18'),
(748,196,4,'','S','2020-07-08 11:45:18'),
(749,196,7,'','S','2020-07-08 11:45:18'),
(750,196,15,'','S','2020-07-08 11:45:18'),
(751,196,16,'','S','2020-07-08 11:45:18'),
(752,197,1,'Desde 2020-07-01','S','2020-07-08 12:12:52'),
(753,197,3,'Desde 2020-06-23','','2020-07-08 12:12:52'),
(754,197,4,'Desde 2020-07-08','S','2020-07-08 12:12:52'),
(755,198,1,'Desde 2020-07-08\nEVA 7/10','S','2020-07-08 12:22:00'),
(756,198,3,'Desde 2020-07-07','S','2020-07-08 12:22:00'),
(757,198,7,'Desde 2020-07-03','','2020-07-08 12:22:00'),
(758,198,17,'','S','2020-07-08 12:22:00'),
(759,199,1,'','S','2020-07-08 12:29:24'),
(760,199,2,'','S','2020-07-08 12:29:24'),
(761,199,3,'','S','2020-07-08 12:29:24'),
(762,199,4,'','S','2020-07-08 12:29:24'),
(763,199,7,'','S','2020-07-08 12:29:24'),
(764,200,2,'','S','2020-07-08 12:36:57'),
(765,200,3,'Irritación','S','2020-07-08 12:36:57'),
(766,200,4,'','S','2020-07-08 12:36:57'),
(767,200,6,'','S','2020-07-08 12:36:57'),
(768,200,17,'','S','2020-07-08 12:36:57'),
(769,200,18,'','S','2020-07-08 12:36:57'),
(770,201,1,'9 días','S','2020-07-08 12:57:18'),
(771,201,2,'6 días','S','2020-07-08 12:57:18'),
(772,201,5,'6 días','S','2020-07-08 12:57:18'),
(773,201,7,'Al hablar','S','2020-07-08 12:57:18'),
(774,201,9,'','S','2020-07-08 12:57:18'),
(775,201,14,'','S','2020-07-08 12:57:18'),
(776,202,3,'3 días','S','2020-07-08 13:02:43'),
(777,202,4,'Seca','S','2020-07-08 13:02:43'),
(778,202,7,'Al caminar','S','2020-07-08 13:02:43'),
(779,203,1,'Hace 10 días, dolor leve','S','2020-07-08 13:07:57'),
(780,203,15,'','S','2020-07-08 13:07:57'),
(781,204,7,'Al caminar ','S','2020-07-08 13:13:21'),
(782,205,1,'5 días','S','2020-07-08 13:20:30'),
(783,205,4,'5 días','S','2020-07-08 13:20:30'),
(784,205,21,'De niño tuvo asma. ','S','2020-07-08 13:20:30'),
(785,206,1,'6 días, el dolor persiste.','S','2020-07-08 13:27:05'),
(786,206,5,'Al acostarse','','2020-07-08 13:27:05'),
(787,206,21,'De niña ','S','2020-07-08 13:27:05'),
(788,206,16,'hipotensión.','S','2020-07-08 13:27:05'),
(789,206,35,'','S','2020-07-08 13:27:05'),
(790,207,1,'5 días','S','2020-07-08 13:39:29'),
(791,207,3,'5 días','S','2020-07-08 13:39:29'),
(792,207,4,'Hace 5 días ','S','2020-07-08 13:39:29'),
(793,207,5,'3 días','S','2020-07-08 13:39:29'),
(794,207,7,'Al hablar ','S','2020-07-08 13:39:29'),
(795,207,17,'','S','2020-07-08 13:39:29'),
(796,208,1,'5 días','S','2020-07-08 13:43:45'),
(797,208,2,'Hace 1 semana por 4 días','S','2020-07-08 13:43:45'),
(798,208,4,'Congestionada','S','2020-07-08 13:43:45'),
(803,209,1,'Desde 2020-07-03\nEVA 4/10','S','2020-07-08 13:46:40'),
(804,209,5,'Desde 2020-07-03','S','2020-07-08 13:46:40'),
(805,209,7,'Desde 2020-07-07','S','2020-07-08 13:46:40'),
(806,209,21,'Asma, con evolución de 4 meses.','S','2020-07-08 13:46:40'),
(807,210,1,'1 día','S','2020-07-08 13:48:06'),
(808,210,2,'1 día','S','2020-07-08 13:48:06'),
(809,210,3,'1 día','S','2020-07-08 13:48:06'),
(810,210,7,'Al caminar','S','2020-07-08 13:48:06'),
(811,211,5,'','S','2020-07-08 13:58:37'),
(812,211,15,'','S','2020-07-08 13:58:37'),
(813,212,1,'por mas de 48 horas','S','2020-07-08 14:05:59'),
(814,212,2,'','S','2020-07-08 14:05:59'),
(815,212,3,'48 horas leve','S','2020-07-08 14:05:59'),
(816,212,5,'','S','2020-07-08 14:05:59'),
(817,213,4,'','S','2020-07-08 14:41:27'),
(818,213,7,'','S','2020-07-08 14:41:27'),
(819,213,21,'con muchas flemas, mas de 15 dias','S','2020-07-08 14:41:27'),
(820,214,1,'Desde 2020-07-04','S','2020-07-08 14:49:40'),
(821,214,2,'Desde 2020-07-04','S','2020-07-08 14:49:40'),
(822,214,3,'Desde 2020-07-02','S','2020-07-08 14:49:40'),
(823,214,4,'Desde 2020-07-02','S','2020-07-08 14:49:40'),
(824,214,7,'Desde 2020-07-06','S','2020-07-08 14:49:40'),
(825,214,17,'','S','2020-07-08 14:49:40'),
(826,215,1,'5 días','S','2020-07-08 14:54:39'),
(827,215,3,'Hace 5 días solo 1 día. ','S','2020-07-08 14:54:39'),
(828,215,5,'5 días. ','S','2020-07-08 14:54:39'),
(829,215,7,'Al caminar','S','2020-07-08 14:54:39'),
(830,215,14,'','S','2020-07-08 14:54:39'),
(831,215,36,'','S','2020-07-08 14:54:39'),
(832,215,16,'Hipotiroidismo. ','S','2020-07-08 14:54:39'),
(833,216,1,'desde hace 72 horas','S','2020-07-08 15:02:32'),
(834,216,3,'72 horas','S','2020-07-08 15:02:32'),
(835,216,4,'72 horas con tos, y 48 con flemas ','S','2020-07-08 15:02:32'),
(836,216,6,'diarrea las ultimas 24 horas','S','2020-07-08 15:02:32'),
(837,216,7,'','S','2020-07-08 15:02:32'),
(838,216,15,'','S','2020-07-08 15:02:32'),
(843,217,1,'Paciente padece de migraña','S','2020-07-08 15:06:17'),
(844,217,3,'','S','2020-07-08 15:06:17'),
(845,217,27,'','S','2020-07-08 15:06:17'),
(846,217,35,'','S','2020-07-08 15:06:17'),
(847,218,1,'9 días','S','2020-07-08 15:29:05'),
(848,218,7,'Al hablar','S','2020-07-08 15:29:05'),
(849,219,1,'desde hace 4 dias ','S','2020-07-08 15:38:18'),
(850,219,3,'por mas de 4 dias','S','2020-07-08 15:38:18'),
(851,219,4,'48 horas','S','2020-07-08 15:38:18'),
(852,219,5,'desde hace 24 horas','S','2020-07-08 15:38:18'),
(853,219,6,'48 horas con diarrea','S','2020-07-08 15:38:18'),
(854,219,7,'ultimas 24 horas','S','2020-07-08 15:38:18'),
(861,220,3,'','S','2020-07-08 16:04:29'),
(862,220,5,'','S','2020-07-08 16:04:29'),
(863,220,7,'','S','2020-07-08 16:04:29'),
(864,220,8,'','S','2020-07-08 16:04:29'),
(865,220,9,'','S','2020-07-08 16:04:29'),
(866,220,13,'','S','2020-07-08 16:04:29'),
(867,221,5,'Desde 2020-06-09','S','2020-07-09 08:06:11'),
(868,221,21,'Bronquitis ','S','2020-07-09 08:06:11'),
(869,222,1,'7 días','S','2020-07-09 08:06:22'),
(870,222,3,'5 días','S','2020-07-09 08:06:22'),
(871,222,4,'10 días','S','2020-07-09 08:06:22'),
(872,222,7,'Al toser','S','2020-07-09 08:06:22'),
(873,223,2,'3 días','S','2020-07-09 08:11:45'),
(874,223,4,'7 dáis','S','2020-07-09 08:11:45'),
(875,224,1,'Desde 2020-07-08','S','2020-07-09 08:12:59'),
(876,224,3,'Desde 2020-07-08','S','2020-07-09 08:12:59'),
(877,224,4,'Desde 2020-07-08','S','2020-07-09 08:12:59'),
(878,224,27,'','S','2020-07-09 08:12:59'),
(879,225,5,'2 días.','S','2020-07-09 08:16:18'),
(880,226,1,'2 días','S','2020-07-09 08:35:58'),
(881,226,3,'2 días','S','2020-07-09 08:35:58'),
(882,226,4,'3 días','S','2020-07-09 08:35:58'),
(883,226,5,'1 día','S','2020-07-09 08:35:58'),
(884,226,6,'2 días','S','2020-07-09 08:35:58'),
(885,226,7,'Al caminar','S','2020-07-09 08:35:58'),
(886,227,1,' Desde 2020-07-08\nEVA 4/10','S','2020-07-09 08:36:02'),
(887,227,2,'Desde 2020-07-09','S','2020-07-09 08:36:02'),
(888,227,5,'Desde 2020-07-08','S','2020-07-09 08:36:02'),
(889,227,7,'Desde 2020-07-07','S','2020-07-09 08:36:02'),
(890,227,17,'','S','2020-07-09 08:36:02'),
(891,228,1,'3 días','S','2020-07-09 09:18:23'),
(892,228,2,'3 días','S','2020-07-09 09:18:23'),
(893,228,3,'3 días','S','2020-07-09 09:18:23'),
(894,228,18,'tipo 2','S','2020-07-09 09:18:23'),
(895,228,27,'','S','2020-07-09 09:18:23'),
(899,230,1,'Desde 2020-07-06','S','2020-07-09 09:43:18'),
(900,230,2,'Desde 2020-07-06','S','2020-07-09 09:43:18'),
(901,230,16,'-Reflujo\n-Colon Irritable','S','2020-07-09 09:43:18'),
(905,229,1,'1 día','S','2020-07-09 09:46:43'),
(906,229,2,'38.5, 2 días','S','2020-07-09 09:46:43'),
(907,229,3,'1 día','S','2020-07-09 09:46:43'),
(908,231,1,'Desde 2020--07-08','S','2020-07-09 09:50:29'),
(909,231,4,'Desde 2020--07-09','S','2020-07-09 09:50:29'),
(910,231,5,'Desde 2020--07-08','S','2020-07-09 09:50:29'),
(911,232,1,'1 día','S','2020-07-09 09:51:19'),
(912,232,2,'1 día.','S','2020-07-09 09:51:19'),
(913,232,3,'1 día','S','2020-07-09 09:51:19'),
(914,232,4,'1 día','S','2020-07-09 09:51:19');

/*Table structure for table `rol` */

DROP TABLE IF EXISTS `rol`;

CREATE TABLE `rol` (
  `id` int(11) unsigned NOT NULL AUTO_INCREMENT,
  `nombre` varchar(100) DEFAULT NULL,
  `agregar_paciente` varchar(1) DEFAULT NULL,
  `editar_paciente` varchar(1) DEFAULT NULL,
  `ver_bitacora` varchar(1) DEFAULT NULL,
  `agregar_bitacora` varchar(1) DEFAULT NULL,
  `atiende_paciente` varchar(1) DEFAULT NULL,
  `filtrar_campamentos` varchar(1) DEFAULT NULL,
  PRIMARY KEY (`id`)
) ENGINE=InnoDB AUTO_INCREMENT=5 DEFAULT CHARSET=latin1;

/*Data for the table `rol` */

insert  into `rol`(`id`,`nombre`,`agregar_paciente`,`editar_paciente`,`ver_bitacora`,`agregar_bitacora`,`atiende_paciente`,`filtrar_campamentos`) values 
(1,'Pre-Triaje','S','S','','',NULL,NULL),
(2,'Médico',NULL,'','S','S','S',NULL),
(3,'Farmacia',NULL,NULL,'S','S',NULL,'S'),
(4,'Bombero',NULL,NULL,'S',NULL,NULL,NULL);

/*Table structure for table `rol_estado` */

DROP TABLE IF EXISTS `rol_estado`;

CREATE TABLE `rol_estado` (
  `id` int(11) unsigned NOT NULL AUTO_INCREMENT,
  `id_rol` int(10) unsigned DEFAULT NULL,
  `id_estado` int(10) unsigned DEFAULT NULL,
  `tabla` varchar(1) DEFAULT NULL,
  `cambiar` varchar(1) DEFAULT NULL,
  PRIMARY KEY (`id`),
  KEY `id_rol` (`id_rol`),
  KEY `id_estado` (`id_estado`),
  CONSTRAINT `rol_estado_ibfk_1` FOREIGN KEY (`id_rol`) REFERENCES `rol` (`id`),
  CONSTRAINT `rol_estado_ibfk_2` FOREIGN KEY (`id_estado`) REFERENCES `estado` (`id`)
) ENGINE=InnoDB AUTO_INCREMENT=14 DEFAULT CHARSET=latin1;

/*Data for the table `rol_estado` */

insert  into `rol_estado`(`id`,`id_rol`,`id_estado`,`tabla`,`cambiar`) values 
(1,1,1,'S',NULL),
(2,1,2,'S','S'),
(3,2,2,'S',NULL),
(4,2,3,NULL,'S'),
(5,4,3,'S',NULL),
(6,4,4,NULL,'S'),
(7,3,3,NULL,NULL),
(8,3,5,NULL,NULL),
(9,2,6,'S',NULL),
(10,1,7,'S',NULL),
(11,1,3,'S',NULL),
(12,3,3,'S',NULL),
(13,3,4,NULL,'S');

/*Table structure for table `sintoma` */

DROP TABLE IF EXISTS `sintoma`;

CREATE TABLE `sintoma` (
  `id` int(11) unsigned NOT NULL AUTO_INCREMENT,
  `nombre` varchar(100) DEFAULT NULL,
  PRIMARY KEY (`id`)
) ENGINE=InnoDB AUTO_INCREMENT=6 DEFAULT CHARSET=latin1;

/*Data for the table `sintoma` */

insert  into `sintoma`(`id`,`nombre`) values 
(1,'Temperatura mayor a 38 grados'),
(2,'Dolor de cabeza'),
(3,'Dolor de garganta'),
(4,'Tos'),
(5,'Dificultad respiratoria');

/*Table structure for table `sintoma_paciente` */

DROP TABLE IF EXISTS `sintoma_paciente`;

CREATE TABLE `sintoma_paciente` (
  `id` int(11) unsigned NOT NULL AUTO_INCREMENT,
  `id_paciente` int(11) unsigned DEFAULT NULL,
  `id_sintoma` int(11) unsigned DEFAULT NULL,
  PRIMARY KEY (`id`),
  KEY `id_sintoma` (`id_sintoma`),
  KEY `id_paciente` (`id_paciente`),
  CONSTRAINT `sintoma_paciente_ibfk_2` FOREIGN KEY (`id_sintoma`) REFERENCES `sintoma` (`id`),
  CONSTRAINT `sintoma_paciente_ibfk_3` FOREIGN KEY (`id_paciente`) REFERENCES `paciente` (`id`)
) ENGINE=InnoDB DEFAULT CHARSET=latin1;

/*Data for the table `sintoma_paciente` */

/*Table structure for table `usuario` */

DROP TABLE IF EXISTS `usuario`;

CREATE TABLE `usuario` (
  `id` int(11) unsigned NOT NULL AUTO_INCREMENT,
  `nombre` varchar(100) DEFAULT NULL,
  `apellido` varchar(100) DEFAULT NULL,
  `telefono` varchar(100) DEFAULT NULL,
  `email` varchar(100) DEFAULT NULL,
  `id_campamento` int(11) unsigned DEFAULT NULL,
  `id_rol` int(11) unsigned DEFAULT NULL,
  `verificada` varchar(1) DEFAULT NULL,
  `created_at` datetime DEFAULT NULL,
  `updated_at` datetime DEFAULT NULL,
  `en_linea` varchar(1) DEFAULT NULL,
  PRIMARY KEY (`id`),
  KEY `id_campamento` (`id_campamento`),
  KEY `id_rol` (`id_rol`),
  CONSTRAINT `usuario_ibfk_1` FOREIGN KEY (`id_campamento`) REFERENCES `campamento` (`id`),
  CONSTRAINT `usuario_ibfk_2` FOREIGN KEY (`id_rol`) REFERENCES `rol` (`id`)
) ENGINE=InnoDB AUTO_INCREMENT=49 DEFAULT CHARSET=latin1;

/*Data for the table `usuario` */

insert  into `usuario`(`id`,`nombre`,`apellido`,`telefono`,`email`,`id_campamento`,`id_rol`,`verificada`,`created_at`,`updated_at`,`en_linea`) values 
(7,'LUIS PABLO','GUTIERREZ FLORES','58171789','luispablog002@gmail.com',2,1,'S','2020-06-28 20:40:02','2020-06-28 20:42:26',NULL),
(8,'JORGE LUIS','GUTIERREZ GOMEZ','59464715','jgutierrezgomez@gmail.com',2,2,'S','2020-06-28 20:40:42','2020-06-28 20:41:41',NULL),
(9,'Paula','Caballeros','59187545','paulacaballeros@gmail.com',2,1,'S','2020-06-29 09:48:14','2020-06-29 09:48:43',NULL),
(10,'asdrubal','moreno','42110366','asdrubalxavier@hotmail.com',2,1,'S','2020-06-29 10:38:11','2020-06-29 10:39:07',NULL),
(11,'Jose','Barrios','42186088','barrios.joseleonel@gmail.com',2,1,'S','2020-06-29 10:49:50','2020-06-29 10:50:45',NULL),
(13,'Juan ','Lopez','35131010','jflopezfelipe@gmail.com',2,1,'S','2020-06-29 10:55:22','2020-06-29 10:56:17',NULL),
(14,'Lourdes','Chavez','47695880','nick.roldan007@gmail.com',2,2,'S','2020-06-29 11:03:34','2020-06-29 11:03:56',NULL),
(15,'Edgar Geovani ','Buch Pablo','42989119','geovanipablo2294@gmail.com',2,1,'S','2020-06-29 11:22:41','2020-06-29 11:24:16',NULL),
(16,'Pamela Lucía','Castillo ','30459236','pamecnoguera@hotmail.com',2,2,'S','2020-06-29 11:43:21','2020-06-29 11:46:40','S'),
(17,'Alejandra','Estrada','3022-1606','alex.estrada16@gmail.com',2,2,'S','2020-06-29 11:44:53','2020-06-29 11:45:49','S'),
(18,'Isi Carolina','López Aroche','50165489','isi_caloar@hotmail.com',2,2,'S','2020-06-29 11:48:42','2020-06-29 11:49:54','S'),
(19,'DOUGLAS','RODAS','58252498','doufergt@gmail.com',2,2,'S','2020-06-29 16:35:30','2020-06-29 16:36:00',NULL),
(20,'Marlon Josue Roberto','Chacon Palencia ','53043430','maronfive123@gmail.com',4,1,'S','2020-07-01 11:49:39','2020-07-01 11:50:07',NULL),
(21,'Mario Rene ','Garcia Molina ','37001260','mariogarmoli@gmail.com',2,1,'S','2020-07-01 11:51:58','2020-07-01 11:54:49',NULL),
(22,'Alejandra','Paiz','40082947','apaiz@muniguate.com',4,3,'S','2020-07-01 17:10:53','2020-07-01 17:11:21',NULL),
(23,'Roxana ','Cabrera','40726701','r44374513@gmail.com',4,3,'S','2020-07-01 18:11:35','2020-07-01 20:14:43',NULL),
(24,'Diana ','Estrada','46280091 ','arquitecturagaby@gmail.com',2,3,'S','2020-07-01 18:21:40','2020-07-01 18:47:36',NULL),
(25,'Víctor Manuel  ','Aquino Pérez','56944887','vaquinoperez@gmail.com',2,1,'S','2020-07-02 12:03:17','2020-07-02 12:05:05',NULL),
(26,'Rocío ','Penados','50294532','rpenados@muniguate.com',2,3,'S','2020-07-02 15:57:24','2020-07-02 15:57:56',NULL),
(27,'Wendy Dayana ','Salán Reyes ','55637496','weendy99@gmail.com',2,4,'S','2020-07-03 08:09:56','2020-07-03 08:11:37',NULL),
(28,'Berien','Martínez','57583344','beriensalazar@gmail.com',2,4,'S','2020-07-03 08:10:01','2020-07-07 10:36:04',NULL),
(29,'Wendy','Salan','55697496','wendy_salan@outlook.com',2,4,'S','2020-07-03 08:24:44','2020-07-03 08:25:09',NULL),
(30,'Shirley','Cuan','45771005','cuanshirley@gmail.com',4,2,'S','2020-07-03 22:23:09','2020-07-03 22:28:45',NULL),
(31,'Nickolas','Prahl','40311032','prahl.nickolas@gmail.com',4,2,'S','2020-07-04 08:43:54','2020-07-04 08:44:20','S'),
(32,'Analiz','Ramirez Noriega','49746683','analizrn@gmail.com',4,1,'S','2020-07-04 09:40:40','2020-07-04 09:41:12',NULL),
(33,'doctor','uno','55729449','clinica1-z7@outlook.com',4,1,'S','2020-07-04 09:49:11','2020-07-04 09:52:06',NULL),
(34,'doctor','dos','59234137','doctor2-z7@outlook.com',4,2,NULL,'2020-07-04 09:58:16',NULL,NULL),
(35,'doctor','dos','55551006','clinca2-z7@outlook.com',4,2,NULL,'2020-07-04 10:00:02',NULL,NULL),
(36,'doctor','tres','41414141','clinca3-z7@outlook.com',4,2,NULL,'2020-07-04 10:01:42',NULL,NULL),
(37,'doctor','tres','41414242','clinica3-z7@outlook.com',4,2,'S','2020-07-04 10:11:47','2020-07-04 10:12:01',NULL),
(38,'Mynor','Coto','43212222','mynorcoto1@gmail.com',4,4,'S','2020-07-04 10:54:14','2020-07-05 13:58:58',NULL),
(39,'Byron ','Aguilar','59228453','byron0506.aguilar@gmail.com',4,1,'S','2020-07-04 10:58:16','2020-07-06 15:27:03',NULL),
(40,'Maria del Carmen','Salvado','58571683','madelsalvado@hotmail.com',4,1,'S','2020-07-04 11:01:56','2020-07-04 11:02:43',NULL),
(41,'Nick','Roldan','58793650','nick.roldan007@gmail.co',4,1,NULL,'2020-07-04 17:00:54',NULL,NULL),
(42,'Mynor Rolando','Coto','Soto','mynorcoto1@msn.com',4,1,'S','2020-07-05 13:52:27','2020-07-05 13:55:43',NULL),
(43,'Mynor','Coto Soto','53269919','mynor_coto@yahoo.com',4,1,'S','2020-07-05 14:00:01','2020-07-05 14:00:55',NULL),
(44,'Dulce María ','Caniz Avila','59454148','dmcaniz@ufm.edu',4,2,'S','2020-07-05 15:36:50','2020-07-05 16:53:03','S'),
(45,'María Isabel ','Archila Godínez','50504873','miarchilag@ufm.edu',4,2,'S','2020-07-05 17:31:02','2020-07-06 07:12:16',NULL),
(46,'Beatriz','González ','55008307','ba0284@gmail.com',2,2,'S','2020-07-05 21:40:06','2020-07-05 21:40:21',NULL),
(47,'Ana Isabel ','Fernandez De Paz','41186110','fernandezisabel40@yahoo.com',4,1,'S','2020-07-06 07:49:59','2020-07-06 18:34:41',NULL),
(48,'Daniel','Curan','55551533','qtaldany@gmail.com',2,2,'S','2020-07-07 15:10:45','2020-07-08 15:38:28',NULL);

/*Table structure for table `verificacion` */

DROP TABLE IF EXISTS `verificacion`;

CREATE TABLE `verificacion` (
  `id` int(11) unsigned NOT NULL AUTO_INCREMENT,
  `nombre` varchar(200) DEFAULT NULL,
  `observacion` varchar(1) DEFAULT NULL,
  `por_defecto` varchar(100) DEFAULT NULL,
  `etiqueta_observacion` varchar(200) DEFAULT NULL,
  `icono` varchar(100) DEFAULT NULL,
  `id_categoria` int(10) unsigned DEFAULT NULL,
  `orden` int(11) DEFAULT NULL,
  PRIMARY KEY (`id`),
  KEY `id_categoria` (`id_categoria`),
  CONSTRAINT `verificacion_ibfk_1` FOREIGN KEY (`id_categoria`) REFERENCES `categoria` (`id`)
) ENGINE=InnoDB AUTO_INCREMENT=38 DEFAULT CHARSET=latin1;

/*Data for the table `verificacion` */

insert  into `verificacion`(`id`,`nombre`,`observacion`,`por_defecto`,`etiqueta_observacion`,`icono`,`id_categoria`,`orden`) values 
(1,'Ha presentado dolor de cabeza','S',NULL,'Por cúanto tiempo','mdi-message',1,NULL),
(2,'Ha presentado temperatura mayor a 38','S',NULL,'Por cúanto tiempo','mdi-message',1,NULL),
(3,'Ha presentado dolor de garganta','S',NULL,'Por cúanto tiempo','mdi-message',1,NULL),
(4,'Ha presentado tos','S',NULL,'Por cúanto tiempo','mdi-message',1,NULL),
(5,'Ha presentado dificultad para respirar','S',NULL,'Por cúanto tiempo','mdi-message',1,NULL),
(6,'Ha presentado diarrea','S',NULL,'Por cúanto tiempo','mdi-message',1,NULL),
(7,'Ha presentado cansancio inusual','S',NULL,'Por cúanto tiempo','mdi-message',1,NULL),
(8,'Uso de músculos accesorios',NULL,NULL,NULL,'mdi-message',2,NULL),
(9,'Signo de diificultad respiratoria evidente',NULL,NULL,NULL,'mdi-message',2,NULL),
(10,'Cianosis peribucal',NULL,NULL,NULL,'mdi-message',2,NULL),
(11,'Presenta alteración de la conciencia',NULL,NULL,NULL,'mdi-message',2,NULL),
(12,'Frecuencia respiratoria mayor a 25 x minuto',NULL,NULL,NULL,'mdi-message',2,NULL),
(13,'Saturación de oxígeno menor al 90%',NULL,NULL,NULL,'mdi-message',2,NULL),
(14,'Frecuencia cardiaca mayor a 110 x minuto',NULL,NULL,NULL,'mdi-message',2,NULL),
(15,'Es mayor a 65 años',NULL,NULL,NULL,'mdi-message',3,1),
(16,'Otro tipo de comorbilidades','S',NULL,'De qué tipo','mdi-message',3,13),
(17,'Tabaquismo',NULL,NULL,NULL,'mdi-message',3,2),
(18,'Diabetes','S',NULL,'De qué tipo','mdi-message',3,3),
(19,'Trasplantes','S',NULL,'De qué tipo','mdi-message',3,4),
(20,'Enfermedades cardiovasculares','S',NULL,'De qué tipo','mdi-message',3,5),
(21,'Enfermedad obstructiva crónica (EPOC o Asma)','S',NULL,'De qué tipo','mdi-message',3,6),
(22,'Enfermedad oncológica','S',NULL,'De qué tipo','mdi-message',3,7),
(23,'Enfermedades infecciosas contaminantes (VIH, SIDA)',NULL,NULL,NULL,'mdi-message',3,8),
(24,'Embarazo','S','No estoy segura','Observación','mdi-message',3,9),
(25,'Cáncer','S',NULL,'De qué tipo','mdi-message',3,10),
(26,'Lupus',NULL,NULL,NULL,'mdi-message',3,11),
(27,'Hipertensión arterial',NULL,NULL,NULL,'mdi-message',3,12),
(28,'IVERMECTINA',NULL,NULL,NULL,'mdi-message',4,NULL),
(29,'IBUPROFENO',NULL,NULL,NULL,'mdi-message',4,NULL),
(30,'VITAMINA D',NULL,NULL,NULL,'mdi-message',4,NULL),
(31,'ZINC',NULL,NULL,NULL,'mdi-message',4,NULL),
(32,'CARDIO-ASPIRINA',NULL,NULL,NULL,'mdi-message',4,NULL),
(33,'ACETAMINOFEN',NULL,NULL,NULL,'mdi-message',4,NULL),
(34,'ACITROMICINA',NULL,NULL,NULL,'mdi-message',4,NULL),
(35,'ASPIRINA',NULL,NULL,NULL,'mdi-message',4,NULL),
(36,'Obesidad',NULL,NULL,NULL,'mdi-message',3,NULL),
(37,'Tuberculosis',NULL,NULL,NULL,NULL,3,NULL);

/*!40101 SET SQL_MODE=@OLD_SQL_MODE */;
/*!40014 SET FOREIGN_KEY_CHECKS=@OLD_FOREIGN_KEY_CHECKS */;
/*!40014 SET UNIQUE_CHECKS=@OLD_UNIQUE_CHECKS */;
/*!40111 SET SQL_NOTES=@OLD_SQL_NOTES */;
